English,Account
Portuguese,Invariably
Russian,Peasant
Arabic,Inborn
Japanese,Imitator
Indonesian,Millimeter
Need,Vast
Delete,Agency
NeedDelete,VastAgency
is,Be
Test,Meal
isTest,BeMeal
Keys,Gene
Spine,Along
Once,Reap
Anim,Link
Name,Neon
OnceAnimName,ReapLinkNeon
Time,They
OnceAnimTime,ReapLinkThey
Loop,Jolt
LoopAnimName,JoltLinkNeon
Star,Tine
Obj,Bis
StarObj,TineBis
Fly,Lad
Objs,Moat
FlyStarObjs,LadTineMoat
Firework,Particle
StarFireworkObjs,TineParticleMoat
Spin,Herd
Btn,Its
SpinBtn,HerdIts
image,Cruel
Effect,Advent
EffectObj,AdventBis
delay,Photo
effect,Aurora
effectTime,AuroraThey
Down,Wide
isDown,BeWide
Show,Fair
isEffectShow,BeAdventFair
last,Kill
Is,My
lastIsDownTime,KillMyWideThey
Flop,Gild
Item,Sink
Reward,Meadow
FlopItemReward,GildSinkMeadow
Slot,Fort
Infos,Begin
SlotInfos,FortBegin
List,Hart
Wheel,Radar
Data,Copy
SlotWheelData,FortRadarCopy
List_SlotWheelData,Hart_FortRadarCopy
Piece,Young
SlotPiece,FortYoung
List_SlotPiece,Hart_FortYoung
Line,City
LineInfos,CityBegin
Win,Fly
LineWinData,CityFlyCopy
List_LineWinData,Hart_CityFlyCopy
Big,Box
Number,Little
BigWinNumber,BoxFlyLittle
List_BigWinNumber,Hart_BoxFlyLittle
Free,Wage
BigWinFreeSpinNumber,BoxFlyWageHerdLittle
FreeSpinNumber,WageHerdLittle
All,Him
FreeSpinAllNumber,WageHerdHimLittle
Index,Magic
FreeSpinIndex,WageHerdMagic
Get,Law
Coin,Have
FreeSpinGetCoinNumber,WageHerdLawHaveLittle
Scatter,Cowhand
ScatterNumber,CowhandLittle
Open,Till
IsOpenFreeSpin,MyTillWageHerd
Panel,Coach
IsOpenFreeSpinPanel,MyTillWageHerdCoach
IsOpenSpin,MyTillHerd
Mini,Wine
Game,Fist
IsOpenFreeMiniGame,MyTillWageWineFist
FreeSpinReward,WageHerdMeadow
List_FreeSpinReward,Hart_WageHerdMeadow
Wild,Fold
Weights,Dogwood
WildWeights,FoldDogwood
Update,Turkic
WildWeightsUpdate,FoldDogwoodTurkic
WildIndex,FoldMagic
WildReward,FoldMeadow
List_WildReward,Hart_FoldMeadow
Column,Repute
ColumnAllWild,ReputeHimFold
List_ColumnAllWild,Hart_ReputeHimFold
Bet,DNA
Info,Lime
BetInfo,DNALime
List_BetInfo,Hart_DNALime
Cur,Leo
Use,Peg
CurUseBet,LeoPegDNA
CurUseBetInfo,LeoPegDNALime
Bonus,Charm
CurBonusNumber,LeoCharmLittle
BonusIndex,CharmMagic
SlotSpinInfo,FortHerdLime
List_SlotSpinInfo,Hart_FortHerdLime
CurSpinNumber,LeoHerdLittle
Max,She
RewardSpinMaxNumber,MeadowHerdSheLittle
all,Leg
allSpinNumber,LegHerdLittle
_allSpinNumber,_LegHerdLittle
Cru,Run
CruSpinRewardNumber,RunHerdMeadowLittle
x,x
y,y
WinNumber,FlyLittle
WinItemData,FlySinkCopy
Gold,Vine
Num,Job
GoldNum,VineJob
Cash,Home
CashNum,HomeJob
Odds,Oral
OddsNum,OralJob
SpinNumber,HerdLittle
CashNumber,HomeLittle
IsGetReward,MyLawMeadow
MiniData,WineCopy
End,Boy
MiniGameSlotAnimEnd,WineFistFortLinkBoy
Claim,Shirt
Cache,Weird
MiniGameBonusClaimCache,WineFistCharmShirtWeird
MiniBonusRewardInfo,WineCharmMeadowLime
List_MiniBonusRewardInfo,Hart_WineCharmMeadowLime
CurMiniBonusTime,LeoWineCharmThey
Collection,Simulation
Card,Hale
MiniCollectionCardInfo,WineSimulationHaleLime
List_MiniCollectionCardInfo,Hart_WineSimulationHaleLime
MiniGameCardClaimCache,WineFistHaleShirtWeird
Step,Spur
Count,Whale
MiniGameWheelStepCount,WineFistRadarSpurWhale
List_MiniGameWheelStepCount,Hart_WineFistRadarSpurWhale
Type,Thus
MiniGameTypeData,WineFistThusCopy
List_MiniGameTypeData,Hart_WineFistThusCopy
CurMiniGameID,LeoWineFistID
CurMiniGameIndex,LeoWineFistMagic
CurMiniGameWheelIndex,LeoWineFistRadarMagic
Glod,Bode
Pig,Hut
CurGlodPigTime,LeoBodeHutThey
CurGlodPigCash,LeoBodeHutHome
data,Here
Lucky,Venom
Chips,Carve
LuckyChipsData,VenomCarveCopy
Bank,Unit
LuckyBankData,VenomUnitCopy
LuckyWheelData,VenomRadarCopy
LuckyBonusData,VenomCharmCopy
Cards,Barge
LuckyCardsData,VenomBargeCopy
LuckyMiniGameData,VenomWineFistCopy
LuckyMiniGameCashData,VenomWineFistHomeCopy
LuckyMiniGoldPigData,VenomWineVineHutCopy
Choose,Buckle
ChooseLuckyMiniGameData,BuckleVenomWineFistCopy
cash,Dual
number,Effect
weights,Aviator
Ad,Dy
min,Get
max,Son
Id,He
IsAd,MyDy
Lock,Herb
IsLock,MyHerb
IsClaim,MyShirt
Have,Cold
IsHaveReward,MyColdMeadow
time,Luck
Last,Load
Check,Trail
Day,Cow
Key,Hue
LastCheckDayKey,LoadTrailCowHue
Online,Boomer
LastOnlineKey,LoadBoomerHue
slider,Action
Image,Slice
sliderImage,ActionSlice
progress,Selfless
Text,Mine
progressText,SelflessMine
Bar,Sod
progressBar,SelflessSod
async,Slate
Load,Hold
asyncLoad,SlateHold
Stars,Decay
star,Doom
Sprite,During
star1Sprite,Doom1During
star2Sprite,Doom2During
Close,Comic
CloseBtn,ComicIts
Toast,Grope
ToastText,GropeMine
Ovo,Beg
OvoImage,BegSlice
seq,Don
seq1,Don1
seq2,Don2
Sprites,Consult
RewardSprites,MeadowConsult
RewardList,MeadowHart
imageList,CruelHart
speen,Eject
Audio,Beach
Mgr,Yet
AudioMgr,BeachYet
Component,Outnumber
Queue,Sleek
AudioComponentQueue,BeachOutnumberSleek
MaxCount,SheWhale
AudioQueue,BeachSleek
m,m
bg,Go
Music,Globe
bgMusic,GoGlobe
m_bgMusic,m_GoGlobe
Play,Arch
Source,Entail
PlayAudioSourceList,ArchBeachEntailHart
Interval,Seedling
CheckInterval,TrailSeedling
Bg,Dy
Switch,Oblige
BgMusicSwitch,BgGlobeOblige
_BgMusicSwitch,_BgGlobeOblige
EffectMusicSwitch,AdventGlobeOblige
_EffectMusicSwitch,_AdventGlobeOblige
Volume,Credit
BgVolume,DyCredit
_BgVolume,_DyCredit
EffectVolume,AdventCredit
_EffectVolume,_AdventCredit
BGM,BGM
BGM_Name,BGM_Neon
Setting,Useless
Dict,Lady
AudioSettingDict,BeachUselessLady
Round,Stair
Digits,Plunge
RoundDigits,StairPlunge
frames,Cooper
framerate,Botanical
ignore,Revere
Scale,Speed
ignoreTimeScale,RevereTheySpeed
loop,Bath
curve,Annex
sprite,Define
Renderer,Maternal
spriteRenderer,DefineMaternal
current,Bluefin
Frame,Pinon
currentFrameIndex,BluefinPinonMagic
timer,Bugle
Framerate,Harshness
currentFramerate,BluefinHarshness
Target,Kettle
Target_Type,Kettle_Thus
Layout,Foster
Layout_Type,Foster_Thus
Run,DNA
Run_Time,Run_They
Layout_Number,Foster_Little
adjust,Uneven
adjustID,UnevenID
sv,Dy
Just,Maya
Init,Wool
ADJustInitType,ADMayaWoolThus
sv_ADJustInitType,sv_ADMayaWoolThus
ADJustTime,ADMayaThey
sv_ADJustTime,Dy_ADMayaThey
Revenue,Deceive
adjustInitAdRevenue,UnevenWoolDyDeceive
MAX,MAX
SDK,SDK
KEY,KEY
MAX_SDK_KEY,MAX_SDK_KEY
REWARD,REWARD
ID,ID
MAX_REWARD_ID,MAX_REWARD_ID
INTER,INTER
MAX_INTER_ID,MAX_INTER_ID
retry,Judge
Attempt,Through
retryAttempt,JudgeThrough
Showing,Affront
isShowingAd,BeAffrontDy
reward,Senior
Network,Venture
rewardNetworkName,SeniorVentureNeon
Call,Melt
Back,Chop
Action,Greedy
rewardCallBackAction,SeniorMeltChopGreedy
Success,Toehold
rewardSuccess,SeniorToehold
rewardIndex,SeniorMagic
interstitial,Prolifically
interstitialNetworkName,ProlificallyVentureNeon
interstitialType,ProlificallyThus
interstitialIndex,ProlificallyMagic
ad,Up
Playing,Violent
Callbacks,Grievance
adPlayingCallbacks,UpViolentGrievance
application,Information
Pause,Watch
Timestamp,Waterside
applicationPauseTimestamp,InformationWatchWaterside
appid,Belle
dictionary,Applicable
Message,Rewrite
dictionaryMessage,ApplicableRewrite
value,Fiord
Bool,Left
valueBool,FiordLeft
valueBool2,FiordLeft2
Int,Aid
valueInt,FiordAid
valueInt2,FiordAid2
valueInt3,FiordAid3
Float,Alarm
valueFloat,FiordAlarm
valueFloat2,FiordAlarm2
Double,Summer
valueDouble,FiordSummer
valueDouble2,FiordSummer2
String,Excess
valueString,FiordExcess
valueString2,FiordExcess2
Object,Source
valueGameObject,FiordFistSource
valueGameObject2,FiordFistSource2
valueGameObject3,FiordFistSource3
valueGameObject4,FiordFistSource4
Transform,Obedience
valueTransform,FiordObedience
valueStringList,FiordExcessHart
Vec,Ala
valueVec,FiordAla
valueVec2List,FiordAla2Hart
valueIntList,FiordAidHart
message,Enclose
messageCallBack,EncloseMeltChop
vec,Elk
vec2_1,Elk2_1
vec2_2,Elk2_2
Login,Along
Url,How
LoginUrl,LoginHow
Config,Lazily
ConfigUrl,LazilyHow
TimeUrl,TheyHow
Adjust,Causal
AdjustUrl,CausalHow
Local,Blame
User,Slit
LocalUserId,BlameSlitHe
sv_LocalUserId,Dy_BlameSlitHe
Server,Massif
LocalServerId,BlameMassifHe
sv_LocalServerId,Dy_BlameMassifHe
New,Mix
Player,Scanty
IsNewPlayer,MyMixScanty
sv_IsNewPlayer,Dy_MyMixScanty
UserLoginDay,SlitAlongCow
sv_UserLoginDay,Dy_SlitAlongCow
Daily,Dense
Bouns,Drama
DailyBounsGetCount,DenseDramaLawWhale
sv_DailyBounsGetCount,Dy_DenseDramaLawWhale
Date,Cany
DailyBounsDate,DenseDramaCany
sv_DailyBounsDate,Dy_DenseDramaCany
NewUserStep,MixSlitSpur
sv_NewUserStep,Dy_MixSlitSpur
GoldCoin,VineHave
sv_GoldCoin,Dy_VineHave
Cumulative,Serigraphy
CumulativeGoldCoin,SerigraphyVineHave
sv_CumulativeGoldCoin,Dy_SerigraphyVineHave
Token,Bloom
sv_Token,Dy_Bloom
CumulativeToken,SerigraphyBloom
sv_CumulativeToken,Dy_SerigraphyBloom
Amazon,Steppe
sv_Amazon,Dy_Steppe
CumulativeAmazon,SerigraphySteppe
sv_CumulativeAmazon,Dy_SerigraphySteppe
Total,Buddy
TotalGameTime,BuddyFistThey
sv_TotalGameTime,Dy_BuddyFistThey
First,Coach
FirstGetToken,FirstLawBloom
sv_FirstGetToken,Dy_FirstLawBloom
Has,Hay
Rate,Crop
HasShowRatePanel,HayFairCropCoach
sv_HasShowRatePanel,Dy_HayFairCropCoach
Lottery,Vicious
CumulativeLottery,SerigraphyVicious
sv_CumulativeLottery,Dy_SerigraphyVicious
Already,Captain
Pass,Slum
Levels,Sacred
AlreadyPassLevels,CaptainSlumSacred
sv_AlreadyPassLevels,Dy_CaptainSlumSacred
Finish,Shrine
NewUserStepFinish,MixSlitSpurShrine
sv_NewUserStepFinish,Dy_MixSlitSpurShrine
task,Jury
level,Civet
count,Tally
sv_task_level_count,Dy_Jury_Civet_Tally
FirstSlot,CoachFort
sv_FirstSlot,Dy_CoachFort
Adid,Hoof
AdjustAdid,CausalHoof
sv_AdjustAdid,Dy_CausalHoof
trial,Young
num,Wad
sv_ad_trial_num,Dy_Up_trial_Wad
total,Large
sv_total_ad_num,Dy_Large_Up_Wad
SpinCount,HerdWhale
sv_SpinCount,Dy_HerdWhale
AllSpinCount,HimHerdWhale
sv_AllSpinCount,Dy_HimHerdWhale
DailySpinCount,DenseHerdWhale
sv_DailySpinCount,Dy_DenseHerdWhale
Compensate,Admittedly
DailyCompensateCount,DenseAdmittedlyWhale
sv_DailyCompensateCount,Dy_DenseAdmittedlyWhale
Stage,Towel
FreeSpinStage,WageHerdTowel
sv_FreeSpinStage,Dy_WageHerdTowel
FreeSpinCount,WageHerdWhale
sv_FreeSpinCount,Dy_WageHerdWhale
FreeSpinCoin,WageHerdHave
sv_FreeSpinCoin,Dy_WageHerdHave
FreeSpinCash,WageHerdHome
sv_FreeSpinCash,Dy_WageHerdHome
FreeSpinGetCashCount,WageHerdLawHomeWhale
sv_FreeSpinGetCashCount,Dy_WageHerdLawHomeWhale
Recoming,Moccasin
SpinRecomingTime,HerdMoccasinThey
sv_SpinRecomingTime,Dy_HerdMoccasinThey
OnceCashCount,ReapHomeWhale
sv_OnceCashCount,Dy_ReapHomeWhale
OnceCoinCount,ReapHaveWhale
sv_OnceCoinCount,Dy_ReapHaveWhale
State,Seedy
SpinState,HerdSeedy
sv_SpinState,Dy_HerdSeedy
Three,Treat
starThree,DoomTreat
sv_starThree,Dy_DoomTreat
Four,Arid
starFour,DoomArid
sv_starFour,Dy_DoomArid
Ten,DNA
starTen,DoomTen
sv_starTen,Dy_DoomTen
Click,Maybe
IsClickSpin,MyMaybeHerd
sv_IsClickSpin,Dy_MyMaybeHerd
DailyDoubleCashCount,DenseSummerHomeWhale
sv_DailyDoubleCashCount,Dy_DenseSummerHomeWhale
Record,Temper
DayRecord,CowTemper
sv_DayRecord,Dy_CowTemper
KeyCount,HueWhale
sv_KeyCount,Dy_HueWhale
RewardKeyCount,MeadowHueWhale
sv_RewardKeyCount,Dy_MeadowHueWhale
Watch,Quill
WatchKeyADCount,QuillHueADWhale
sv_WatchKeyADCount,Dy_QuillHueADWhale
Ring,Slab
RingCount,SlabWhale
sv_RingCount,Dy_SlabWhale
Bottle,Cornet
BottleCount,CornetWhale
sv_BottleCount,Dy_CornetWhale
Chest,Chaos
ChestType,ChaosThus
sv_ChestType,Dy_ChaosThus
Current,Predate
ChestCurrentCount,ChaosPredateWhale
sv_ChestCurrentCount,Dy_ChaosPredateWhale
ChestCIndex,ChaosCMagic
sv_ChestCIndex,Dy_ChaosCMagic
SwitchReward,ObligeMeadow
sv_SwitchReward,Dy_ObligeMeadow
WheelReward,RadarMeadow
sv_WheelReward,Dy_RadarMeadow
By,So
DailyOpenByCoinCount,DenseTillSoHaveWhale
sv_DailyOpenByCoinCount,Dy_DenseTillSoHaveWhale
Sch,Tan
CoinPigSch,HaveHutTan
sv_CoinPigSch,Dy_HaveHutTan
Level,Orbit
CoinPigLevel,HaveHutOrbit
sv_CoinPigLevel,Dy_HaveHutOrbit
OpenCoinPigByClick,TillHaveHutSoMaybe
sv_OpenCoinPigByClick,Dy_TillHaveHutSoMaybe
mg,It
Window,Sorrow
WindowOpen,SorrowTill
mg_WindowOpen,It_SorrowTill
WindowClose,SorrowComic
mg_WindowClose,It_SorrowComic
ui,He
levelcomplete,Industrialist
mg_ui_levelcomplete,It_ui_Industrialist
addgold,Jawbone
mg_ui_addgold,It_He_Jawbone
addtoken,Atlantic
mg_ui_addtoken,It_He_Atlantic
addamazon,Shoemaker
mg_ui_addamazon,It_He_Shoemaker
Suspend,Nostril
GameSuspend,FistNostril
mg_GameSuspend,It_FistNostril
mg_SpinCount,It_HerdWhale
Start,Decay
FreeSpinStart,WageHerdStart
mg_FreeSpinStart,It_WageHerdStart
Stop,Hard
FreeSpinStop,WageHerdHard
mg_FreeSpinStop,It_WageHerdHard
Value,Adult
Change,Gather
FreeSpinValueChange,WageHerdAdultGather
mg_FreeSpinValueChange,It_WageHerdAdultGather
ShowPanel,FairCoach
mg_ShowPanel,It_FairCoach
SpinBtnState,HerdItsSeedy
mg_SpinBtnState,It_HerdItsSeedy
SlotStop,FortHard
mg_SlotStop,It_FortHard
StopSlotLine,HardFortCity
mg_StopSlotLine,It_HardFortCity
StartSlotLine,DecayFortCity
mg_StartSlotLine,It_DecayFortCity
Animation,Epidermis
ShowAnimation,FairEpidermis
mg_ShowAnimation,It_FairEpidermis
Recove,Chilly
RecoveSpinBtnClick,ChillyHerdItsMaybe
mg_RecoveSpinBtnClick,It_ChillyHerdItsMaybe
Scroll,Sierra
SlotScroll,FortSierra
Complete,Paradigm
mg_SlotScroll_Complete,It_FortSierra_Paradigm
EffectAnimation,AdventEpidermis
mg_EffectAnimation,It_AdventEpidermis
EndEffectAnimation,BoyAdventEpidermis
mg_EndEffectAnimation,It_BoyAdventEpidermis
GetKeyReward,LawHueMeadow
mg_GetKeyReward,It_LawHueMeadow
GetBottleReward,LawCornetMeadow
mg_GetBottleReward,It_LawCornetMeadow
Control,Capable
ControlCoinPig,CapableHaveHut
mg_ControlCoinPig,It_CapableHaveHut
path,Send
path_GoldCoin_Sprite,Send_VineHave_During
Dimond,Stormy
path_Token_Sprite_Dimond,Send_Bloom_During_Stormy
TIMEOUT,TIMEOUT
Base,Left
BaseUrl,BaseHow
BaseLoginUrl,LeftAlongHow
BaseConfigUrl,LeftLazilyHow
BaseTimeUrl,LeftTheyHow
BaseAdjustUrl,LeftCausalHow
Code,Fend
GameCode,FistFend
Channel,Fitting
country,Loosely
ConfigData,LazilyCopy
InitData,WoolCopy
GameData,FistCopy
SlotInfo,FortLime
Manager,Vaguely
adManager,UpVaguely
gaid,Talk
aid,Ink
idfa,Crab
ready,Award
ready_count,Award_Tally
From,City
DataFrom,CopyFrom
CheckCount,TrailWhale
Event,Bison
Tracker,Texture
TrackerName,TextureNeon
Event_TrackerName,Bison_TextureNeon
Ok,To
CheckOk,TrailTo
_CheckOk,_TrailTo
Str,Nut
UserDataStr,SlitCopyNut
UserData,SlitCopy
GetUserInfoCount,LawSlitLimeWhale
version,Swiftly
text,Sail
GetSuccess,LawToehold
Fail,Pine
GetFail,LawPine
Net,Spy
Work,Oval
NetWorkGetList,SpyOvalLawHart
Post,Page
NetWorkPostList,SpyOvalPageHart
URL,URL
Form,Pram
PostSuccess,PageToehold
PostFail,PagePine
Pool,Draw
PoolQueue,DrawSleek
m_PoolQueue,m_DrawSleek
PoolName,DrawNeon
m_PoolName,m_DrawNeon
Parent,Obsess
m_Parent,m_Obsess
prefab,Regard
m_MaxCount,m_SheWhale
Default,Yucatan
DefaultMaxCount,YucatanSheWhale
m_DefaultMaxCount,m_YucatanSheWhale
Dic,Ray
PoolDic,DrawRay
m_PoolDic,m_DrawRay
Root,Lark
RootTransform,LarkObedience
m_RootTransform,m_LarkObedience
need,Deck
Refresh,Broaden
needStartRefresh,DeckDecayBroaden
Adjust_TrackerName,Causal_TextureNeon
Save,Grip
AP,AP
Save_AP,Grip_AP
Normal,Tariff
Mode,Loss
NormalModeName,TariffLossNeon
Distances,Sanctuary
Reason,Formal
Log,Key
StepLog,SpurKey
Task,Pest
TaskTotalNum,PestBuddyJob
Puzzle,Seeker
sv_Puzzle,Dy_Seeker
Withdraw,Tolerant
GoldAmazonWithdraw,VineSteppeTolerant
sv_GoldAmazonWithdraw,Dy_VineSteppeTolerant
AllWithdraw,HimTolerant
sv_AllWithdraw,Dy_HimTolerant
Waitng,Longer
AllWaitngWithdraw,HimLongerTolerant
sv_AllWaitngWithdraw,Dy_HimLongerTolerant
CashWithdrawList,HomeTolerantHart
sv_CashWithdrawList,Dy_HomeTolerantHart
Balance,Primacy
CashWithdrawBalance,HomeTolerantPrimacy
sv_CashWithdrawBalance,Dy_HomeTolerantPrimacy
Account,January
UserAccount,SlitJanuary
sv_UserAccount,Dy_SlitJanuary
Person,Gannet
PersonName,GannetNeon
sv_PersonName,Dy_GannetNeon
Address,Uniform
PersonAddress,GannetUniform
sv_PersonAddress,Dy_GannetUniform
Tel,Roe
PersonTel,GannetRoe
sv_PersonTel,Dy_GannetRoe
Seconds,Paradox
InitSeconds,WoolParadox
sv_InitSeconds,Dy_WoolParadox
RefreshCashWithdrawList,BroadenHomeTolerantHart
mg_RefreshCashWithdrawList,It_BroadenHomeTolerantHart
RefreshCashWithdrawUserAccount,BroadenHomeTolerantSlitJanuary
mg_RefreshCashWithdrawUserAccount,It_BroadenHomeTolerantSlitJanuary
Height,Cobalt
RefreshCashWithdrawHeight,BroadenHomeTolerantCobalt
mg_RefreshCashWithdrawHeight,It_BroadenHomeTolerantCobalt
RefreshGoldAmazonWithdrawList,BroadenVineSteppeTolerantHart
mg_RefreshGoldAmazonWithdrawList,It_BroadenVineSteppeTolerantHart
RefreshAllWithdrawList,BroadenHimTolerantHart
mg_RefreshAllWithdrawList,It_BroadenHimTolerantHart
Countdown,Authority
RefreshCountdown,BroadenAuthority
mg_RefreshCountdown,It_BroadenAuthority
Shop,Loam
Hand,Lung
ShowCashShopHand,FairHomeLoamLung
mg_ShowCashShopHand,It_FairHomeLoamLung
SOHORecordList,SOHOTemperHart
mg_SOHORecordList,It_SOHOTemperHart
Redeem,Though
Group,Spout
AllRedeemGroup,HimThoughSpout
Wait,Scat
Redeems,Earthen
WaitAllRedeems,ScatHimEarthen
CashRedeemList,HomeThoughHart
gold,Epic
goldRedeemGroup,EpicThoughSpout
source,Recent
sourcePanelName,RecentCoachNeon
Button,Modify
sourcePanelButton,RecentCoachModify
cashout,Seminar
cashoutCashRedeem,SeminarHomeThough
cashoutGoldRedeem,SeminarVineThough
Cashout,Warbler
CashoutAllRedeem,WarblerHimThough
puzzle,Tropic
puzzleShopGroup,TropicLoamSpout
CurrentPuzzleReward,PredateSeekerMeadow
shop,Drab
Json,Crab
shopJson,DrabJson
currentUserAccount,BluefinSlitJanuary
static,Beaver
Values,Abrupt
staticCashoutTaskValues,BeaverWarblerPestAbrupt
get,Job
getCashAction,getHomeGreedy
getGoldAction,JobVineGreedy
getAmazonAction,JobSteppeGreedy
sub,Rod
subCashAction,RodHomeGreedy
subGoldAction,RodVineGreedy
subAmazonAction,RodSteppeGreedy
UI,UI
Selected,Synapsis
SelectedBG,SynapsisBG
UI_SelectedBG,UI_SynapsisBG
Not,Yam
NotSelectedBG,YamSynapsisBG
UI_NotSelectedBG,UI_YamSynapsisBG
Pay,Pry
PaySprites,PryConsult
Pieces,Primal
Puzzle_Pieces,Seeker_Primal
Rewards,Reverse
Puzzle_Rewards,Seeker_Reverse
GoldAmazonRedeemItem,VineSteppeThoughSink
RecordItem,TemperSink
Gift,Toll
RedeemGiftItem,ThoughTollSink
RedeemItem,ThoughSink
AllCardItem,HimHaleSink
Ready,Cider
isReady,BeCider
Enum,Lint
Enum64Str,Lint64Nut
taskValue,JuryAdult
pre,Its
Conditions,Compaction
preConditions,preCompaction
can,Man
Checkout,Chapbook
canCheckout,ManChapbook
Confirm,Indiana
ConfirmBtn,IndianaIts
Later,Brick
LaterBtn,BrickIts
NameText,NeonMine
AddressText,UniformMine
TelText,RoeMine
Container,Deprecate
BackButton,ChopModify
RecordButton,TemperModify
Instructions,Accumulation
InstructionsButton,AccumulationModify
Mathod,Gravel
Img,Via
UserAccountMathodImg,SlitJanuaryGravelVia
Email,Cheer
UserAccountEmailText,SlitJanuaryCheerMine
Revise,Clutch
ReviseButton,ClutchModify
CardList,HaleHart
GetCashBtn,LawHomeIts
CashNormalObj,HomeTariffBis
Nor,Big
CoinNorObj,HaveBigBis
CashNorObj,HomeBigBis
ACardNorObj,AHaleBigBis
GetCashText,LawHomeMine
NorSchText,BigTanMine
NorSchImage,BigTanSlice
CountDownText,WhaleWideMine
CashTaskObj,HomePestBis
CashCheckObj,HomeTrailBis
One,Rib
Description,Elaboration
TaskOneDescriptionText,PestRibElaborationMine
PayImage,PrySlice
AllRedeem,HimThough
currentValue,BluefinAdult
_currentValue,_BluefinAdult
RedeemCountdownText,ThoughAuthorityMine
cashWithdrawCountdown,DualTolerantAuthority
countdown,Necessity
Coroutine,According
countdownCoroutine,NecessityAccording
RewardText,MeadowMine
AccountText,JanuaryMine
EmailText,CheerMine
ReviseBtn,ClutchIts
State_1,Seedy_1
GoldImage,VineSlice
AmazonImage,SteppeSlice
CashImage,HomeSlice
Progress,Secretin
ProgressImage,SecretinSlice
CashoutText,WarblerMine
Out,Bus
CashOutBtn,HomeBusIts
State_2,Seedy_2
Rank,Mule
RankText,MuleMine
Or,Or
goldOrAmazon,EpicOrSteppe
goldRedeemItem,EpicThoughSink
outline,Swimmer
Vertex,Mormon
outlineVertexList,SwimmerMormonHart
_outlineVertexList,_SwimmerMormonHart
vertex,Physic
vertexList,PhysicHart
_vertexList,_PhysicHart
BackBtn,ChopIts
Empty,Cache
EmptyObj,CacheBis
Home,Live
HomeButton,LiveModify
AddressButton,UniformModify
Random,Mortal
RandomButton,MortalModify
random,Facade
randomPuzzle,FacadeSeeker
State_3,Seedy_3
State_4,Seedy_4
State_1_CountDownText,Seedy_1_WhaleWideMine
Condition,Metalwork
ConditionText,MetalworkMine
State_1_ConditionText,Seedy_1_MetalworkMine
State_2_Text1,Seedy_2_Mine1
State_2_Text2,Seedy_2_Mine2
State_2_CountDownText,Seedy_2_WhaleWideMine
Fill,Hump
Amount,Armory
FillAmount,HumpArmory
State_3_FillAmount,Seedy_3_HumpArmory
Process,Kinfolk
ProcessText,KinfolkMine
State_3_ProcessText,Seedy_3_KinfolkMine
Desc,Pave
DescText,PaveMine
State_3_DescText,Seedy_3_PaveMine
State_4_RankText,Seedy_4_MuleMine
Long,Deft
ItemLong,SinkDeft
State_4_ItemLong,Seedy_4_SinkDeft
ItemLongText,SinkDeftMine
State_4_ItemLongText1,Seedy_4_SinkDeftMine1
State_4_ItemLongText2,Seedy_4_SinkDeftMine2
Detail,Expert
DetailBtn,ExpertIts
State_4_DetailBtn,Seedy_4_ExpertIts
cashRedeem,DualThough
init,Hale
init_countdown,init_Necessity
Coroutinue,Naturalism
countdownCoroutinue,NecessityNaturalism
layout,Bypass
Submit,Purple
SubmitBtn,PurpleIts
Cancel,Weight
CancelBtn,WeightIts
ChooseItemList,BuckleSinkHart
selected,Resettle
Method,Summer
selectedMethodIndex,ResettleMethodMagic
target,Ashore
targetImage,AshoreSlice
Rect,Bold
Mask,Sale
RectMask,BoldSale
Lucent,Living
LucentMask,LivingSale
TextBg,MineDy
corners,Trapper
center,Burial
Offset,Thirty
targetOffsetX,AshoreThirtyX
targetOffsetY,AshoreThirtyY
material,Eminence
currentOffsetX,BluefinThirtyX
currentOffsetY,BluefinThirtyY
shrink,Smooth
shrinkTime,SmoothThey
event,Maple
Penetrate,Ambitious
eventPenetrate,MapleAmbitious
Currentindex,Encyclopedia
Velocity,Inventor
shrinkVelocityX,SmoothInventorX
shrinkVelocityY,SmoothInventorY
App,Dig
AppSetting,DigUseless
_AppSetting,_DigUseless
SYS,SYS
PATH,PATH
CANVAS,CANVAS
SYS_PATH_CANVAS,SYS_PATH_CANVAS
UIFORMS,UIFORMS
CONFIG,CONFIG
INFO,INFO
SYS_PATH_UIFORMS_CONFIG_INFO,SYS_PATH_UIFORMS_CONFIG_INFO
A,A
SYS_PATH_UIFORMS_CONFIG_INFO_A,SYS_PATH_UIFORMS_CONFIG_INFO_A
TAG,TAG
SYS_TAG_CANVAS,SYS_TAG_CANVAS
NORMAL,NORMAL
NODE,NODE
SYS_NORMAL_NODE,SYS_NORMAL_NODE
FIXED,FIXED
SYS_FIXED_NODE,SYS_FIXED_NODE
POPUP,POPUP
SYS_POPUP_NODE,SYS_POPUP_NODE
TOP,TOP
SYS_TOP_NODE,SYS_TOP_NODE
SCRIPTMANAGER,SCRIPTMANAGER
SYS_SCRIPTMANAGER_NODE,SYS_SCRIPTMANAGER_NODE
UICAMERA,UICAMERA
SYS_UICAMERA_NODE,SYS_UICAMERA_NODE
on,Of
onClick,OfMaybe
onDown,OfWide
Enter,Total
onEnter,OfTotal
Exit,Puff
onExit,OfPuff
Up,ID
onUp,OfUp
Select,Resent
onSelect,OfResent
onUpdateSelect,OfTurkicResent
dic,Own
Messages,Mainstay
dicMessages,OwnMainstay
_dicMessages,_OwnMainstay
_Key,_Hue
_Values,_Abrupt
Instance,Figurine
_Instance,_Figurine
ht,Ax
Go,Ox
Canvas,Genius
GoCanvasRoot,OxGeniusLark
_GoCanvasRoot,_OxGeniusLark
Tra,Roe
Scripts,Unaided
Node,Bust
TraUIScriptsNode,TraUIUnaidedBust
_TraUIScriptsNode,_TraUIUnaidedBust
To,My
GoToPanel,OxToCoach
_GoToPanel,_OxToCoach
GoMaskPanel,OxSaleCoach
_GoMaskPanel,_OxSaleCoach
Camera,Follow
UICamera,UIFollow
_UICamera,_UIFollow
Original,Musician
Depth,Solar
OriginalUICameraDepth,MusicianUIFollowSolar
_OriginalUICameraDepth,_MusicianUIFollowSolar
Instatnce,Outnumber
_Instatnce,_Instatnce
Lauguage,Mainland
DicLauguageCache,RayMainlandWeird
_DicLauguageCache,_RayMainlandWeird
CurrentUIType,PredateUIThus
_CurrentUIType,_PredateUIThus
close,Drift
button,Assort
close_button,Drift_Assort
Main,Warm
MainCanvas,WarmGenius
Forms,Marry
Paths,Shear
DicFormsPaths,RayMarryShear
_DicFormsPaths,_RayMarryShear
DicALLUIForms,RayALLUIMarry
_DicALLUIForms,_RayALLUIMarry
Sta,Set
StaCurrentUIForms,SetPredateUIMarry
_StaCurrentUIForms,_SetPredateUIMarry
DicCurrentShowUIForms,RayPredateFairUIMarry
_DicCurrentShowUIForms,_RayPredateFairUIMarry
WaitUIForms,ScatUIMarry
_WaitUIForms,_ScatUIMarry
Transfrom,Stringent
TraCanvasTransfrom,RoeGeniusStringent
_TraCanvasTransfrom,_RoeGeniusStringent
TraNormal,RoeTariff
_TraNormal,_RoeTariff
Fixed,Asian
TraFixed,RoeAsian
_TraFixed,_RoeAsian
Pop,Ink
TraPopUp,RoePopID
_TraPopUp,_RoePopID
Top,Sit
_Top,_Sit
TraUIScripts,RoeUIUnaided
_TraUIScripts,_RoeUIUnaided
TraUICamera,RoeUIFollow
_TraUICamera,_RoeUIFollow
PanelName,CoachNeon
PanelNameList,CoachNeonHart
Clear,Aphid
Reverse,Arsenal
IsClearReverseChange,MyAphidArsenalGather
Slider,Coerce
BonusSliderParent,CharmCoerceObsess
BonusItem,CharmSink
Title,Spite
BonusTitleParent,CharmSpiteObsess
BonusPool,CharmDraw
_BonusPool,_CharmDraw
_List_BonusItem,_Hart_CharmSink
lock,Heel
_lock,_Heel
CoinText,HaveMine
Chip,Foot
ChipText,FootMine
CoinImage,HaveSlice
Sub,Lie
SubButton,LieModify
Add,Rot
AddButton,RotModify
MaxBetButton,SheDNAModify
Button_Pig,Modify_Hut
Button_Cash,Modify_Home
GoldPigObj,VineHutBis
GoldText,VineMine
Text_GoldText,Mine_GoldMine
WildText,FoldMine
List_WildText,Hart_FoldMine
list,Deed
wild,Wash
wildReward,WashMeadow
_list_wildReward,_Deed_WashMeadow
WheelObj,RadarBis
WheelGameParent,RadarFistObsess
MiniGameParent,WineFistObsess
SpinPanel,HerdCoach
Left,Boom
LeftPanel,BoomCoach
MiniGameItem,WineFistSink
List_MiniGameItem,Hart_WineFistSink
Chess,Leave
Man,Tan
ChessManObj,LeaveManBis
ChessManStartObj,LeaveTanDecayBis
spin,Main
Duration,Bluebird
spinDuration,MainBluebird
Rounds,Turnip
spinRounds,MainTurnip
Ease,Stay
spinEase,MainStay
Spinning,Thriller
isSpinning,BeThriller
_isSpinning,_BeThriller
currentIndex,BluefinMagic
_currentIndex,_BluefinMagic
jump,Yean
jumpHeight,YeanCobalt
jumpDuration,YeanBluebird
move,Tear
moveEase,TearStay
original,Synapsis
originalScale,originalSpeed
_originalScale,_originalSpeed
IsOpenMiniGame,MyTillWineFist
mini,Rock
Pos,See
miniStartPosX,RockDecaySeeX
_miniStartPosX,_RockDecaySeeX
Space,Faint
miniSpace,RockFaint
_miniSpace,_RockFaint
LineParent,CityObsess
LineItem,CitySink
LineItemPool,CitySinkDraw
_LineItemPool,_CitySinkDraw
SlotLineItem,FortCitySink
List_SlotLineItem,Hart_FortCitySink
SpinRewardSlider,HerdMeadowCoerce
RewardItem,MeadowSink
List_RewardItem,Hart_MeadowSink
StarText,TineMine
CashText,HomeMine
Aima,Beak
CoinAimaStartObj,HaveBeakDecayBis
StarButton,TineModify
SettingButton,UselessModify
Collect,Treason
CollectButton,TreasonModify
BonusText,CharmMine
front,Dough
back,Diva
ItemButton,SinkModify
Icon,What
BackIcon,ChopWhat
BackCash,ChopHome
backImage,DivaSlice
flip,Loom
flipDuration,LoomBluebird
Flipped,Nitinol
isFlipped,BeNitinol
ChipItemType,FootSinkThus
cur,Dog
curReward,DogMeadow
_curReward,_DogMeadow
List_Reward,Hart_Meadow
Text_Reward,Mine_Meadow
CheckOut,TrailBus
Image_CheckOut,Slice_TrailBus
Image_Lock,Slice_Herb
Button_Claim,Modify_Shirt
ADClaim,ADShirt
Button_ADClaim,Modify_ADShirt
Claimed,Boxlike
Button_Claimed,Modify_Boxlike
Arrow,Stove
Image_Arrow,Slice_Stove
Array,Grope
ArrowArray,StoveArray
Sprite_ArrowArray,During_StoveArray
arrow,Along
arrowIndex,arrowMagic
_arrowIndex,_arrowMagic
ItemIndex,SinkMagic
bonus,Seize
bonusInfo,SeizeLime
_bonusInfo,_SeizeLime
Collected,Spiritual
Button_Collected,Modify_Spiritual
Text_Cash,Mine_Home
Image_Coin,Slice_Have
Image_Cash,Slice_Home
Image_Bg,Slice_Dy
Un,Of
Know,Mean
UnKnow,UnMean
Image_UnKnow,Slice_UnMean
_cash,_Dual
card,Easy
cardId,EasyHe
_cardId,_EasyHe
ItemSpriteIndex,SinkDuringMagic
ItemType,SinkThus
Wo,Go
WoManIcon,WoTanWhat
Two,Log
WoMainTwoIcon,GoWarmLogWhat
ItemMask,SinkSale
Fx,Of
ItemFx,SinkFx
Bonues,Elliot
ItemSpineArray,SinkAlongGrope
Real,Come
Row,Rim
RealSlotGameRowItem,ComeFortFistRimSink
IsThreeWild,MyTreatFold
IsOpenIcon,MyTillWhat
IsFlyBonus,MyLadCharm
wildIndex,WashMagic
_wildIndex,_WashMagic
LineImage,CitySlice
symbols,Somehow
symbol,Primal
symbolHeight,symbolCobalt
scroll,Center
scrollDuration,CenterBluebird
scrollCount,CenterWhale
play,Hook
playIndex,HookMagic
ItemPos,SinkSee
List_ItemPos,Hart_SinkSee
CashObj,HomeBis
FinishObj,ShrineBis
SpinNumberText,HerdLittleMine
SlotSpriteArray,FortDuringGrope
NumberSpriteArray,LittleDuringGrope
SlotLuckyCardSpriteArray,FortVenomHaleDuringGrope
SlotMiniGameSpriteArray,FortWineFistDuringGrope
List_LineImage,Hart_CitySlice
Text_Coin,Mine_Have
AD,AD
Button_AD,Modify_AD
Button_Close,Modify_Comic
Tittle,Choosy
Image_Tittle,Slice_Choosy
CoinSpriteArray,HaveDuringGrope
TittleSpriteArray,ChoosyDuringGrope
ADCash,ADHome
ChipFlopItem,FootGildSink
List_ChipFlopItem,Hart_FootGildSink
FlopReward,GildMeadow
List_FlopReward,Hart_GildMeadow
FlopType,GildThus
Dic_FlopType,Ray_GildThus
Text_SpinNumber,Mine_HerdLittle
OK,OK
Button_OK,Modify_OK
FreeSpinFinishAction,WageHerdShrineGreedy
FreeNumber,WageLittle
Text_FreeNumber,Mine_WageLittle
AddNumber,RotLittle
Button_AddNumber,Modify_RotLittle
FreeAction,WageGreedy
RealItemParent,ComeSinkObsess
Items,Rocky
RealItems,ComeRocky
RealItemFirstPos,ComeSinkCoachSee
RealLoopCount,ComeJoltWhale
Fake,Even
FakeItemsParent,EvenRockyObsess
FakeItems,EvenRocky
FakeItemFirstPos,EvenSinkCoachSee
FakeLoopCount,EvenJoltWhale
FakeLoopMax,EvenJoltShe
High,Dime
ItemHigh,SinkDime
Bottom,Danger
IsAnimPlaying,MyLinkViolent
Delays,Arrive
Es,Ax
ScrollAnimTimeDelaysIEs,SierraLinkTheyArriveIEs
StopSpin,HardHerd
Immediately,Scrubbiness
StopSpin_Immediately,HardHerd_Scrubbiness
IsStopSlotAnim,MyHardFortLink
SlotPieceData,FortYoungCopy
List_SlotPieceData,Hart_FortYoungCopy
Coro,Sway
SlotItemShowCoro,FortSinkFairSway
SlotGameItemsArray,FortFistRockyGrope
_SlotGameItemsArray,_FortFistRockyGrope
FakeSlotGameItem,EvenFortFistSink
_Dic_FakeSlotGameItem,_Ray_EvenFortFistSink
SpinButton,HerdModify
StopButton,HardModify
FreeSpinButton,WageHerdModify
CoinParent,HaveObsess
Soho,Duty
SohoShop,DutyLoam
Ctrl,Tine
LineCtrl,CityCtrl
TopCtrl,SitTine
MiniGameCtrl,WineFistTine
wildID,WashID
_wildID,_WashID
free,Crow
freeSpinWaitTime,CrowHerdScatThey
_freeSpinWaitTime,_CrowHerdScatThey
rewardShowTime,SeniorFairThey
_rewardShowTime,_SeniorFairThey
isOpenFreeMiniGame,BeTillWageWineFist
_isOpenFreeMiniGame,_BeTillWageWineFist
curSpinGold,DogHerdVine
_curSpinGold,_DogHerdVine
neet,Seal
neetRewardIndex,SealMeadowMagic
_neetRewardIndex,_SealMeadowMagic
RealPlayAnimIndex,ComeArchLinkMagic
OpenButton,TillModify
BounsParent,DramaObsess
BounsItem,DramaSink
Content,Moraine
Text_Time,Mine_They
CloseButton,ComicModify
SlotBonusItem,FortCharmSink
List_SlotBonusItem,Hart_FortCharmSink
pos,Jar
posX,JarX
CardParent,HaleObsess
CardItem,HaleSink
CardPool,HaleDraw
_CardPool,_HaleDraw
SlotCardItems,FortHaleRocky
List_SlotCardItems,Hart_FortHaleRocky
RewardIcon,MeadowWhat
Image_RewardIcon,Slice_MeadowWhat
TenClaim,DNAShirt
Button_TenClaim,Modify_DNAShirt
_reward,_Senior
Luckyslot,Spherical
SlotLuckyslotItem,FortSphericalSink
List_SlotLuckyslotItem,Hart_FortSphericalSink
WheelItem,RadarSink
List_WheelItem,Hart_RadarSink
BigWinText,BoxFlyMine
List_BigWinText,Hart_BoxFlyMine
ClaimText,ShirtMine
Percent,Sponsor
TenPercentClaim,DNASponsorShirt
Button_TenPercentClaim,Modify_DNASponsorShirt
Image_Win,Slice_Fly
Image_Title,Slice_Spite
Text_Title,Mine_Spite
WinSpriteArray,FlyDuringGrope
TitleSpriteArray,SpiteDuringGrope
SpineArray,AlongGrope
rewardNumber,SeniorLittle
type,Sect
_type,_Sect
isButton,BeModify
_isButton,_BeModify
Sound,Angry
Button_Sound,Modify_Angry
How,Icy
Button_How,Modify_Icy
Contact,Darling
Button_Contact,Modify_Darling
Privacy,Gesture
Button_Privacy,Modify_Gesture
Text_Sound,Mine_Angry
SoundSpriteArray,AngryDuringGrope
No,We
ClaimNoAD,ShirtWeAD
Button_ClaimNoAD,Modify_ShirtWeAD
TitleTop,SpiteSit
Image_TitleTop,Slice_SpiteSit
Jackpot,Voyager
TitleJackpot,SpiteVoyager
Image_TitleJackpot,Slice_SpiteVoyager
TitleBg,SpiteDy
Image_TitleBg,Slice_SpiteDy
TitleTextBg,SpiteMineDy
Image_TitleTextBg,Slice_SpiteMineDy
TitleTopSpriteArray,SpiteSitDuringGrope
Jacopot,Sponsor
TitleJacopotSpriteArray,SpiteJacopotDuringGrope
TitleTextSpriteArray,SpiteMineDuringGrope
BgSpriteArray,DyDuringGrope
miniType,RockThus
_miniType,_RockThus
adId,UpHe
_adId,_UpHe
mask,Pine
mypageview,Meaningful
rect,Pull
posList,JarHart
Drag,Plus
isDrag,BePlus
stop,Expo
Move,Peak
stopMove,ExpoPeak
Horizontal,Equivalent
targetHorizontal,AshoreEquivalent
start,Folly
startDragHorizontal,FollyPlusEquivalent
smooting,Emphasis
sensitivity,Prohibitive
On,ID
Page,Boot
OnPageChange,OnBootGather
currentPageIndex,BluefinBootMagic
item,Kind
Cell,Late
itemCell,KindLate
scrollRect,CenterBold
content,Primary
spacing,Captain
Width,Wedge
totalWidth,LargeWedge
totalHeight,LargeCobalt
visible,Acidity
visibleCount,AcidityWhale
Clac,Corp
isClac,BeCorp
startIndex,FollyMagic
lastIndex,KillMagic
itemHeight,KindCobalt
itemList,KindHart
visibleList,AcidityHart
allList,LegHart
AllSpinNumber,HimHerdLittle
line,Vase
lineData,VaseCopy
IsOpenGoldPig,MyTillVineHut
Volmue,Luster
EffectVolmue,AdventLuster
Frames,Athens
Ignore,Battle
IgnoreTimeScale,BattleTheySpeed
currentCount,BluefinWhale
_currentCount,_BluefinWhale
currentRevenue,BluefinDeceive
_currentRevenue,_BluefinDeceive
Counter,Uniform
lastPlayTimeCounter,KillArchTheyCounter
counter,Earthen
counter101,counter101
counter102,Earthen102
counter103,Earthen103
pause,Zebra
Interstitial,Postgraduate
pauseTimeInterstitial,ZebraTheyPostgraduate
Package,Forward
PackageName,ForwardNeon
AdjustTracker,CausalTexture
AdjustTracker_Ready,CausalTexture_Cider
GetNetWorkGetListCount,LawSpyOvalLawHartWhale
GetNetWorkPostListCount,LawSpyOvalPageHartWhale
Prefab,Autumn
method,Suburb
email,Sloth
DataCount,CopyWhale
LineHeight,CityCobalt
IconUp,WhatID
PopShow,InkFair
Hide,Fund
PopHide,InkFund
ChangeNumber,GatherLittle
LevelUp,OrbitID
ChangeSliderValue,GatherCoerceAdult
HomeShow,LiveFair
HomeHide,LiveFund
GoldMove,VinePeak
Best,Akin
GoldMoveBest,VinePeakAkin
BankCashMove,UnitHomePeak
Box,Leo
StarBoxMove,TineBoxPeak
StarBoxRewardShow,TineLeoMeadowFair
Unlock,Racial
Con,Too
LevelUnlockIConScale,OrbitRacialITooSpeed
Ani,Hat
DailyBonusAni,DenseCharmHat
Breathe,Hatchet
Jump,Milk
IconJump,WhatMilk
OVOMove,OVOPeak
HorizontalScroll,EquivalentSierra
Numbers,Declare
ChangeNumbers,GatherDeclare
Print,Steep
Merge,Chunk
getCameraWidth,JobFollowWedge
getCameraHeight,JobFollowCobalt
World,Youth
Point,Brace
getWorldPoint,JobYouthBrace
Nearest,Curious
GetNearestGameObject,LawCuriousFistSource
Angle,Skull
PointToAngle,BraceMySkull
Angle180To360,Skull180My360
Unity,Ledge
Direction,Peregrine
GetUnityDirection,LawLedgePeregrine
Texture,Survive
True,Hold
Size,Tomb
getTextureTrueSize,JobSurviveTrueTomb
getSpriteSize,JobDuringTomb
Touch,Toxic
Position,Commerce
getTouchPosition,JobToxicCommerce
Weight,Heroic
getWeightIndex,JobHeroicMagic
Sequence,Slippery
GetRandomSequence,LawMortalSlippery
Dictionary,Nationwide
StringToDictionary,ExcessMyNationwide
DictionaryToString,NationwideMyExcess
Diff,Sash
DayDateDiff,CowCanySash
Sec,Jet
SecDateDiff,JetCanySash
DateDiff,CanySash
At,Go
GetPosAtText,LawSeeAtMine
Distance,Eventual
Area,Suck
DistanceByArea,EventualSoSuck
Encrypt,Consist
EncryptDES,ConsistDES
Decrypt,General
DecryptDES,GeneralDES
Set,Mad
SetLoopAnim,MadJoltLink
StartAni,DecayHat
Bessel,Depart
Curve,Great
BesselCurve,DepartGreat
InitGameData,WoolFistCopy
getGold,JobVine
add,Lot
addGold,LotVine
getToken,JobBloom
addToken,LotBloom
getAmazon,JobSteppe
addAmazon,LotSteppe
game,Leap
gameInit,LeapWool
Judget,Choice
Liu,Dog
Hai,Fir
JudgetLiuHai,ChoiceLiuFir
Adapta,Active
SetAdapta,MadActive
GetFlopItemRewardCash,LawGildSinkMeadowHome
OpenSlotFlopGamePanel,TillFortGildFistCoach
Send,Seat
SendFlopGameItemType,SeatGildFistSinkThus
FlopGameDataInit,GildFistCopyWool
Shuffle,Ontario
SlotDataMgrInit,FortCopyYetWool
InitSlotData,WoolFortCopy
InitBetInfo,WoolDNALime
InitSlotSpinInfo,WoolFortHerdLime
InitLineData,WoolCityCopy
Apple,Ensue
GetAppleSpriteCash,LawEnsueDuringHome
GetAppleCashOdds,LawEnsueHomeOral
Bastards,Breakage
GetBastardsIndex,LawBreakageMagic
GetSlotWinData,LawFortFlyCopy
Create,Regret
Each,Have
Grid,Rise
CreateEachGridData,RegretEachRiseCopy
Offsets,Ghostly
BigWinOffsets,BoxFlyGhostly
BigWinWeights,BoxFlyDogwood
ScatterOffsets,CowhandGhostly
Unique,Seduce
GetUniqueRandomNumbers,LawSeduceMortalDeclare
CheckLineDataWin,TrailCityCopyFly
Five,Feat
Col,Sea
GetThreeRowFiveColArray,LawTreatRimFeatSeaGrope
GetSlotRewardGold,LawFortMeadowVine
SlotBastardsWeightsUpdate,FortBreakageDogwoodTurkic
GetSlotPieceInfo,LawFortYoungLime
SendCurSpinReward,SeatLeoHerdMeadow
CheckRewardBigWin,TrailMeadowBoxFly
More,Gate
GetMoreWildReward,LawGateFoldMeadow
GetWildRewardInfo,LawFoldMeadowLime
SetColumnWildAll,MadReputeFoldHim
GetWildReward,LawFoldMeadow
Deduct,Mandan
SpinDeductCash,HerdMandanHome
GetCurUseBetInfo,LawLeoPegDNALime
MessageSendBet,RewriteSeatDNA
ChangeBonusUpdate,GatherCharmTurkic
OpenBonusPanel,TillCharmCoach
GetSpinRewardInfo,LawHerdMeadowLime
ChangeSpinNumberUpdate,GatherHerdLittleTurkic
ChangeFreeSpinNumber,GatherWageHerdLittle
ChangeCurSpinReward,GatherLeoHerdMeadow
GetLineGetWinInfo,LawCityLawFlyLime
Consecutive,Progressive
Matches,Locally
Pro,Ink
CheckConsecutiveMatchesPro,TrailProgressiveLocallyPro
CreateOneGridData,RegretRibRiseCopy
GetSlotRewardItemGold,LawFortMeadowSinkVine
SetFreeSpinNumber,MadWageHerdLittle
MiniDataInit,WineCopyWool
ChangeMiniGameSlotPlayAnimEnd,GatherWineFistFortArchLinkBoy
SendMiniGameSlotReward,SeatWineFistFortMeadow
GetMiniGameSlotReward,LawWineFistFortMeadow
GetMiniBounsInfo,LawWineDramaLime
MiniGameBonusClaimDataInit,WineFistCharmShirtCopyWool
MiniGameBonusRewardInit,WineFistCharmMeadowWool
Bounus,Starve
SetMiniGameBounusReward,MadWineFistStarveMeadow
ChangeBonusRewardCache,GatherCharmMeadowWeird
SetCurrentTimestamp,MadPredateWaterside
Days,Gram
CheckBonusTimeThreeDays,TrailCharmTheyTreatGram
OpenMiniBonusTime,TillWineCharmThey
GetMiniGameWheelData,LawWineFistRadarCopy
GetMiniGameWheelIndex,LawWineFistRadarMagic
OpenMiniGameWheelRewardPanel,TillWineFistRadarMeadowCoach
SendWildGamePanel,SeatFoldFistCoach
GetSlotCardData,LawFortHaleCopy
SlotCardRewardCacheInit,FortHaleMeadowWeirdWool
ChangeSlotCardRewardCache,GatherFortHaleMeadowWeird
SaveSlotCardRewardCache,GripFortHaleMeadowWeird
GetLuckyCardIndex,LawVenomHaleMagic
GetSlotMiniGameData,LawFortWineFistCopy
GetMiniGameType,LawWineFistThus
ChooseMiniGameTypeID,BuckleWineFistThusID
GetMiniGameCash,LawWineFistHome
MiniGameAddCash,WineFistRotHome
OpenMiniGamePanel,TillWineFistCoach
GetGoldPigCash,LawVineHutHome
OpenGlodPig,TillBodeHut
CheckGoldPigTime,TrailVineHutThey
OpenGoldPigCountdownTime,TillVineHutAuthorityThey
GetGoldPigReward,LawVineHutMeadow
Destroy,Observe
Unix,Diet
Stamp,Angle
GetUnixTimeStamp,LawDietTheyAngle
Offline,Whereas
GetOfflineTime,LawWhereasThey
Second,Rocket
SecondToTime,RocketMyThey
Passed,Orchid
HasNewDayPassed,HayMixCowOrchid
Month,Sheer
HasNewMonthPassed,HayMixSheerOrchid
UpdateLastCheckDay,TurkicLoadTrailCow
UpdateLastOnlineTime,TurkicLoadBoomerThey
Delay,Habit
DelayIE,HabitIE
RealTime,ComeThey
Delay_RealTime,Habit_ComeThey
DelayRealTimeIE,HabitComeTheyIE
StopDelay,HardHabit
light,Forty
lightStart,FortyDecay
ControlBtn,CapableIts
closePanel,DriftCoach
auto,Cost
autoCloseToast,CostComicGrope
fly,Boy
flyPause,flyWatch
Resume,Rarity
flyResume,BoyRarity
buttonAction,AssortGreedy
show,Bias
Crash,Topic
showCrashRewardPanel,BiasTopicMeadowCoach
FlyMoveAction,LadPeakGreedy
FlyInit,LadWool
Ui,If
InitUi,WoolIf
playAction,HookGreedy
InitAudioSourceQueue,WoolBeachEntailSleek
For,How
Audo,Wish
AddAudioSourceForAudoMgr,RotBeachEntailForWishYet
GetAudioComponent,LawBeachOutnumber
UnUseAudioComponent,OfPegBeachOutnumber
set,Kea
Bgm,And
setBgmCloseOneTime,KeaAndComicRibThey
Replace,Ratchet
setBgmReplaceOneTime,KeaAndRatchetRibThey
CheckUnUseAudioComponent,TrailOfPegBeachOutnumber
SetAllEffectVolume,MadHimAdventCredit
PlayBgBase,ArchDyLeft
PlayEffectBase,ArchAdventLeft
PlayBg,ArchDy
StopEffectBase,HardAdventLeft
PlayEffect,ArchAdvent
getVolume,JobCredit
StopEffect,HardAdvent
SetBool,MadLeft
GetBool,LawLeft
SetString,MadExcess
GetString,LawExcess
SetFloat,MadAlarm
GetFloat,LawAlarm
SetInt,MadAid
GetInt,LawAid
SetIntArray,MadAidGrope
GetIntArray,LawAidGrope
SetFloatArray,MadAlarmGrope
GetFloatArray,LawAlarmGrope
SetStringArray,MadExcessGrope
GetStringArray,LawExcessGrope
Vector,Seduce
SetVector,MadVector
SetVector2,MadVector2
GetVector,LawSeduce
GetVector2,LawSeduce2
SetVector3,MadVector3
GetVector3,LawSeduce3
Quaternion,Proprietor
SetQuaternion,MadProprietor
GetQuaternion,LawProprietor
SetDouble,MadSummer
GetDouble,LawSummer
Reset,Radio
Do,If
DoUpdate,DoTurkic
Anchor,Layout
SetAnchor,MadLayout
Pivot,Flour
SetPivot,MadFlour
layoutAction,BypassGreedy
AdjustInit,CausalWool
SaveAdjustAdid,GripCausalHoof
GetAdjustAdid,LawCausalHoof
Status,Occupy
GetAdjustStatus,LawCausalOccupy
InitAdjustData,WoolCausalCopy
Act,Sew
AddActCount,RotSewWhale
AddAdCount,RotDyWhale
LoadAdjustOnAct,HoldCausalIDSew
ResetActCount,RadioSewWhale
GetAdjustTime,LawCausalThey
setAdjustAdid,KeaCausalHoof
Initialize,Comparison
Rewarded,Skeleton
Ads,Joy
InitializeRewardedAds,ComparisonSkeletonJoy
LoadRewardedAd,HoldSkeletonDy
LoadInterstitial,HoldPostgraduate
Video,Alike
playRewardVideo,HookMeadowAlike
playInterstitialAd,HookPostgraduateDy
playInterstitial,HookPostgraduate
Repeat,Vanish
RepeatMethod,VanishSummer
Thanks,Vacuum
NoThanksAddCount,WeVacuumRotWhale
PauseTimeInterstitial,WatchTheyPostgraduate
ResumeTimeInterstitial,RarityTheyPostgraduate
Trial,Extra
UpdateTrialNum,TurkicExtraJob
Register,Alphabet
Callback,Literate
RegisterPlayCallback,AlphabetArchLiterate
After,Shale
AfterAdPlaySuccess,ShaleDyArchToehold
GetTotalAdNum,LawBuddyDyJob
Pin,Log
Market,Modest
OpenAPPinMarket,TillAPPinModest
Remove,Spinet
Country,Handful
getCountry,JobHandful
GetConfigData,LawLazilyCopy
Loaction,Airplane
GetLoactionData,LawAirplaneCopy
SetConfigData,MadLazilyCopy
GameReady,FistCider
NetWorkTimeOut,SpyOvalTheyBus
SendAdjustAdid,SeatCausalHoof
CheckAdjustNetwork,TrailCausalVenture
GetUserInfo,LawSlitLime
Re,Of
ReGetUserInfo,ReLawSlitLime
autoMessage,CostRewrite
Para,Sect
SendNoParaEvent,SeatWeParaBison
send,Buzz
sendGameProgress,BuzzFistSecretin
SendEvent,SeatBison
SendPost,SeatPage
end,Run
Request,Daytime
endRequest,endDaytime
Http,Pack
HttpGet,PackLaw
HttpPost,PackPage
Recycle,Leaning
RecycleAll,LeaningHim
CreateObjectPool,RegretSourceDraw
GetGameObject,LawFistSource
RecycleGameObject,LeaningFistSource
Query,Chalk
QueryPool,ChalkDraw
GetInstance,LawFigurine
ShowToast,FairGrope
setContentLayout,KeaMoraineFoster
IsApple,MyEnsue
CheckOnlineData,TrailBoomerCopy
GetDistance,LawEventual
Editor,Forest
IsEditor,MyForest
Portrait,Fidelity
IsPortrait,MyFidelity
GetTimestamp,LawWaterside
Format,Squirt
DateTimeFormat,CanyTheySquirt
GetTime,LawThey
TimeStamp,TheyAngle
DateTime,CanyThey
TimeStamp2DateTime,TheyAngle2CanyThey
SecondsToDateTime,ParadoxMyCanyThey
SecondsFormat,ParadoxSquirt
DoubleToStr,SummerMyNut
GetWeightRandom,LawHeroicMortal
GetWeightRandomIndex,LawHeroicMortalMagic
In,Be
Chance,Prompt
InChance,InPrompt
initAllRedeemList,HaleHimThoughHart
CashOutAllRedeem,HomeBusHimThough
AddTaskValue,RotPestAdult
GetCurrentCountDown,LawPredateWhaleWide
save,Spit
saveAllRedeemList,SpitHimThoughHart
update,Stocky
Waiting,Crucial
updateWaitingRank,StockyCrucialMule
ChangeUserAccount,GatherSlitJanuary
InitCashWithdraw,WoolHomeTolerant
updateCashWithdraw,StockyHomeTolerant
Witrdraws,Awkwardly
saveCashWitrdrawsList,SpitHomeAwkwardlyHart
AddCashBalance,RotHomePrimacy
Unchecked,Nostalgia
HasUncheckedStateCashWithdraw,HayNostalgiaSeedyHomeTolerant
Pre,Wit
AddPreCondition,RotWitMetalwork
CheckCashWithdraw,TrailHomeTolerant
FinishInitCountDown,ShrineWoolWhaleWide
getCurrentCountDown,JobPredateWhaleWide
has,Vas
hasUncheckedItem,VasNostalgiaSink
initGoldAmazonRedeemList,HaleVineSteppeThoughHart
CashOutGoldRedeem,HomeBusVineThough
saveGoldRedeemList,SpitVineThoughHart
InitSourcePanel,WoolEntailCoach
initPuzzle,HaleSeeker
Unachieved,Missionary
getUnachievedPuzzle,JobMissionarySeeker
Multi,Point
getPuzzleMulti,JobSeekerPoint
addPuzzle,LotSeeker
savePuzzle,SpitSeeker
InitShopData,WoolLoamCopy
ReviseUserAccount,ClutchSlitJanuary
Information,Atomization
SavePersonInformation,GripGannetAtomization
InitSOHOShop,WoolSOHOLoam
InitSOHOShopAction,WoolSOHOLoamGreedy
UpdateCash,TurkicHome
AddCashoutPreCondition,RotWarblerWitMetalwork
AddAllTaskValue,RotHimPestAdult
ShowRedeemPanel,FairThoughCoach
ShowGoldAmazonRedeemPanel,FairVineSteppeThoughCoach
ShowRedeemGiftPanel,FairThoughTollCoach
GetRewardPuzzle,LawMeadowSeeker
AddRewardPuzzle,RotMeadowSeeker
GetCashWithdrawCountDown,LawHomeTolerantWhaleWide
Unchcked,Manifest
HasUnchckedCashWithdraw,HayManifestHomeTolerant
CashWithdrawFinishCountdown,HomeTolerantShrineAuthority
GetDefaultPaySprite,LawYucatanPryDuring
StringToBase,ExcessMyLeft
StringToBase64,ExcessMyLeft64
ToString,MyExcess
Base64ToString,Left64MyExcess
GetEnumOriginalStr,LawLintMusicianNut
Can,Peg
CheckCanCashout,TrailCanWarbler
AddPreConditionValue,RotWitMetalworkAdult
UpdateState,TurkicSeedy
Clone,Surge
refresh,Mammoth
refreshList,MammothHart
Creat,Shape
CreatItemObj,ShapeSinkBis
InitItemObj,WoolSinkBis
refreshUserAccount,MammothSlitJanuary
open,Wavy
openRecordPanel,WavyTemperCoach
InitInfo,WoolLime
RefreshUI,BroadenUI
showHand,BiasLung
showCashWithdrawShopCountdown,BiasHomeTolerantLoamAuthority
cashCountdown,DualAuthority
InitItem,WoolSink
openEmail,WavyCheer
initData,HaleCopy
InitRedeemItem,WoolThoughSink
StartCountDown,DecayWhaleWide
Screen,Carpet
ScreenSize,CarpetTomb
change,Belong
changeMethod,BelongSummer
And,Icy
StartAndEndPointTime,DecayAndBoyBraceThey
Of,No
Now,Bur
StartAndEndPointTimeOfNow,DecayIcyBoyBraceTheyNoBur
getMaxRank,JobSheMule
randomRank,FacadeMule
getDiffRank,JobSashMule
SetTargetImage,MadKettleSlice
Active,Combat
SetHandActive,MadLungCombat
Lycent,Active
ShowLycentMask,FairLycentSale
Guide,Calve
ShowGuide,FairCalve
HideGuide,FundCalve
HideLycentMask,FundActiveSale
ShowHand,FairLung
WorldToCanvasPos,YouthMyGeniusSee
Cssp,Gift
CsspHandAnimation,GiftLungEpidermis
GetAppSettingMaxNumber,LawDigUselessSheLittle
Analysis,Unusable
InitAndAnalysisJson,WoolIcyUnusableCrab
Msg,Rib
Listener,Readjust
AddMsgListener,RotMsgReadjust
RemoveMsgListener,SpinetRibReadjust
ClearAllMsgListener,AphidHimRibReadjust
SendMessage,SeatRewrite
Asset,Perry
LoadAsset,HoldPerry
SetMaskWindow,MadSaleSorrow
HideMaskWindow,FundSaleSorrow
CancelMaskWindow,WeightSaleSorrow
Find,Lace
The,Sac
Child,Kneel
FindTheChildNode,LaceSacKneelBust
GetTheChildNodeComponentScripts,LawSacKneelBustOutnumberUnaided
AddChildNodeComponent,RotKneelBustOutnumber
AddChildNodeToParentNode,RotKneelBustMyObsessBust
ShowText,FairMine
InitLauguageCache,WoolMainlandWeird
FindChildAddComponent,LaceKneelRotOutnumber
Freeze,Survey
Rigister,Exercise
RigisterButtonObjectEvent,ExerciseModifySourceBison
OpenUIForm,TillUIPram
CloseUIForm,ComicUIPram
Receive,Smelter
ReceiveMessage,SmelterRewrite
AddPanel,RotCoach
SubPanel,LieCoach
Loading,Lifeway
InitRootCanvasLoading,WoolLarkGeniusLifeway
ShowUIForms,FairUIMarry
Return,Enamel
CloseOrReturnUIForms,ComicOrEnamelUIMarry
Next,Read
ShowNextPopUp,FairReadInkID
ClearWaitUIForms,AphidScatUIMarry
Catch,Final
LoadFormsToALLUIFormsCatch,HoldMarryMyALLUIMarryFinal
LoadUIForm,HoldUIPram
EnterUIFormsCache,TotalUIMarryWeird
ExitUIFormsCache,PuffUIMarryWeird
Formst,Rental
Other,Bloom
EnterUIFormstToCacheHideOther,TotalUIRentalMyWeirdFundOther
EnterUIFormsCacheWaitClose,TotalUIMarryWeirdScatComic
ExitUIFormsFromCacheAndShowOther,PuffUIMarryCityWeirdIcyFairBloom
Push,Yuan
PushUIForms,YuanUIMarry
PopUIForms,InkUIMarry
InitUIFormsPathsData,WoolUIMarryShearCopy
InitCamera,WoolFollow
Stack,Globe
ClearStackArray,AphidStackGrope
GetCurrentFormStack,LawPredatePramGlobe
GetPanelByName,LawCoachSoNeon
Opening,Essence
Panels,Parcel
GetOpeningPanels,LawEssenceParcel
SetBonusNumber,MadCharmLittle
ShowBonusText,FairCharmMine
BonusPoolInit,CharmDrawWool
SetCoinImage,MadHaveSlice
SetWildTextInfo,MadFoldMineLime
UseMiniGameWheel,PegWineFistRadar
MiniGameWheelHide,WineFistRadarFund
MiniGameWheelShow,WineFistRadarFair
MiniGameIconInit,WineFistWhatWool
ResetMiniGame,RadioWineFist
MiniGameIconAnim,WineFistWhatLink
ChooseMiniGame,BuckleWineFist
SpinToIndex,HerdMyMagic
SetChessIndex,MadLeaveMagic
ResetWheel,RadioRadar
JumpToIndex,MilkMyMagic
JumpToNextPosition,MilkMyReadCommerce
SlotRewardLineShow,FortMeadowCityFair
Display,Epithet
LoopDisplayLine,JoltEpithetCity
Controller,Palimpsest
LineDisplayController,CityEpithetPalimpsest
SlotRewardLineHide,FortMeadowCityFund
LineItemPoolInit,CitySinkDrawWool
SpinRewardUpdate,HerdMeadowTurkic
CashAddAnimation,HomeRotEpidermis
addAnimation,LotEpidermis
SetBonusText,MadCharmMine
CloseBonusText,ComicCharmMine
FlopItemInit,GildSinkWool
FlopInit,GildWool
HideTheBack,FundSacChop
Flip,Spew
FlipCard,SpewHale
Front,Learn
HideTheFront,FundSacLearn
DelayHideTheBack,HabitFundSacChop
FlopRewardItemInit,GildMeadowSinkWool
SetRewardItemWin,MadMeadowSinkFly
SetBonusItem,MadCharmSink
SetSlotCardItemInfo,MadFortHaleSinkLime
InitThreeWild,WoolTreatFold
ShowIcon,FairWhat
FakeShowIconInit,EvenFairWhatWool
HideIcon,FundWhat
IconMaskShow,WhatSaleFair
IconSpineShow,WhatAlongFair
IsShowWild,MyFairFold
WildSpinePlay,FoldAlongArch
PlaySpineByIndex,ArchAlongSoMagic
IconSpineHide,WhatAlongFund
ScatterSpinePlay,CowhandAlongArch
PlayBonusIconFlyAnim,ArchCharmWhatLadLink
DelayFlyAnim,HabitLadLink
DelayScatterAnim,HabitCowhandLink
SetLineItemInfo,MadCitySinkLime
Symbols,Hectare
SymbolsItemInit,HectareSinkWool
Scorll,Sudden
SetScorllNumber,MadSuddenLittle
StartScroll,DecaySierra
Reard,Stilt
SetSpinReardItemInit,MadHerdStiltSinkWool
Newbie,Letter
CheckSpinNewbieOpen,TrailHerdLetterTill
CheckNewbieHide,TrailLetterFund
OpenNewbiePanel,TillLetterCoach
GetItemSprite,LawSinkDuring
GetSlotLineSprite,LawFortCityDuring
SlotFlopGamePanelInit,FortGildFistCoachWool
SetSpinFinishAction,MadHerdShrineGreedy
SetFreeAction,MadWageGreedy
SendFreeSpinStart,SeatWageHerdDecay
DelayOpenFreeSpin,HabitTillWageHerd
DelayShowNoADButton,HabitFairWeADModify
SetFakeGetRewardItem,MadEvenLawMeadowSink
SetThreeWildFakeIcon,MadTreatFoldEvenWhat
SlotItemDisplay,FortSinkEpithet
SlotItemDisplayController,FortSinkEpithetPalimpsest
Arrangement,Recruitment
InitArrangement,WoolRecruitment
SetThreeWildIconShow,MadTreatFoldWhatFair
SetSpinOrStopBtnShow,MadHerdOrHardItsFair
RealItemsInit,ComeRockyWool
FakeItemsInit,EvenRockyWool
SlotAnimationInit,FortEpidermisWool
SlotAnimationStop,FortEpidermisHard
FakeColScrollAnim,EvenSeaSierraLink
RealAnimationEnd,ComeEpidermisBoy
SlotGameFinish,FortFistShrine
CheckSpinFinish,TrailHerdShrine
WildAnimationPlay,FoldEpidermisArch
PlayBonusAnim,ArchCharmLink
BonusChangeUpdate,CharmGatherTurkic
PlayScatterAnim,ArchCowhandLink
OpenFreeSpin,TillWageHerd
FreeSpinClick,WageHerdMaybe
LoopDisplaySlotItem,JoltEpithetFortSink
RealColScrollAnim,ComeSeaSierraLink
CreateBonusItem,RegretCharmSink
CreateCardItem,RegretHaleSink
SetCardInfo,MadHaleLime
GetReward,LawMeadow
Slots,Latin
PlaySlots,ArchLatin
SetWheelPanel,MadRadarCoach
AddToken,RotBloom
SetRewardInfo,MadMeadowLime
PlayRewardMusic,ArchMeadowGlobe
SetSound,MadAngry
WildGamePanelInit,FoldFistCoachWool
GetPostID,LawPageID
pagechange,Legitimate
SetPageIndex,MadBootMagic
SetData,MadCopy
UpdateItem,TurkicSink
PopItem,InkSink
PushItem,YuanSink
AddItem,RotSink
AnimationController,EpidermisPalimpsest
Language,Selenium
ChangeUiByLanguage,GatherIfSoSelenium
Custom,Matter
CustomPrint,MatterSteep
Dictionaries,Transitional
MergeDictionaries,ChunkTransitional
System,Condor
GetSystemData,LawCondorCopy
Auto,Sign
AutoPlaySpine,SignArchAlong
Magic,April
MagicEffectCon,AprilAdventToo
MagicGameDataManager,AprilFistCopyVaguely
MagicMainManager,AprilWarmVaguely
Pressed,Sharply
MagicOnButtonPressed,AprilIDModifySharply
FlopGameManager,GildFistVaguely
SlotDataManager,FortCopyVaguely
SlotAllInfo,FortHimLime
LineConfigInfo,CityLazilyLime
LineGetWinInfo,CityLawFlyLime
Award,Vague
Winning,Disturb
AwardWinningData,VagueDisturbCopy
SlotPiecePositionData,FortYoungCommerceCopy
SlotBetInfo,FortDNALime
SlotMiniDataManager,FortWineCopyVaguely
MiniGameInfo,WineFistLime
MiniGameData,WineFistCopy
MiniChipsRewardData,WineCarveMeadowCopy
MiniWheelRewardData,WineRadarMeadowCopy
MiniBonusRewardData,WineCharmMeadowCopy
Range,Nerve
LuckyMiniGameCashRangeData,VenomWineFistHomeNerveCopy
MiniBonusCardInfo,WineCharmHaleLime
TimeDestroy,TheyObserve
TimeManager,TheyVaguely
MagicLoadingPanel,AprilLifewayCoach
Us,Dy
MagicRateUsPanel,AprilCropUsCoach
MagicToast,AprilGrope
Script,Embryo
MagicFlyScript,AprilLadEmbryo
MagicKeyReward,AprilHueMeadow
MagicPlayImageAnimation,AprilArchSliceEpidermis
r,r
MagicPlayImageAnimation_r1,AprilArchSliceEpidermis_r1
Model,Shear
AudioModel,BeachModel
AudioSourceQueue,BeachEntailSleek
MusicMgr,GlobeYet
Resources,Southward
MusicResourcesMgr,GlobeSouthwardYet
MusicType,GlobeThus
Common,Retool
CommonConfig,RetoolLazily
SaveDataManager,GripCopyVaguely
Animator,Constant
FrameAnimator,PinonConstant
Archor,Quasar
Tool,Bryn
ArchorTool,QuasarBryn
AutoLayout,SignFoster
AdjustInitManager,CausalWoolVaguely
ADManager,ADVaguely
RateUsManager,CropDyVaguely
Center,Neuron
Logic,Niche
MessageCenterLogic,RewriteNeuronNiche
MessageData,RewriteCopy
CConfig,CLazily
NetInfoMgr,SpyLimeYet
PostEventScript,PageBisonEmbryo
NetWorkGetObject,SpyOvalLawSource
NetWorkManager,SpyOvalVaguely
NetWorkPostObject,SpyOvalPageSource
ObjectPool,SourceDraw
ObjectPoolManager,SourceDrawVaguely
Mono,Earn
Singleton,Community
MonoSingleton,EarnCommunity
ToastManager,GropeVaguely
View,Star
ScrollViewContentLayout,SierraStarMoraineFoster
Util,Jean
CommonUtil,RetoolJean
DateUtil,CanyJean
NumberUtil,LittleJean
RandomUtil,MortalJean
StringUtil,ExcessJean
SOHOShopConfig,SOHOLoamLazily
Const,Guard
SOHOShopConst,SOHOLoamGuard
AllRedeemManager,HimThoughVaguely
CashRedeemManager,HomeThoughVaguely
GoldRedeemManager,VineThoughVaguely
SOHOPanelManager,SOHOCoachVaguely
SOHOPuzzleManager,SOHOSeekerVaguely
SOHOShopDataManager,SOHOLoamCopyVaguely
SOHOShopManager,SOHOLoamVaguely
CashRedeem,HomeThough
CheckoutCondition,ChapbookMetalwork
GoldRedeem,VineThough
AddressPanel,UniformCoach
AllRedeemPanel,HimThoughCoach
Widget,Museum
CardWidget,HaleMuseum
CashOutButton,HomeBusModify
ConfirmEmailPanel,IndianaCheerCoach
GoldAmazonRedeemPanel,VineSteppeThoughCoach
InstructionsPanel,AccumulationCoach
Outline,Recover
MultiOutline,PointRecover
RecordPanel,TemperCoach
RedeemGiftPanel,ThoughTollCoach
RedeemPanel,ThoughCoach
Instruction,Subtraction
RewardsGiftInstructionPanel,ReverseTollSubtractionCoach
Adaptation,Imposition
ScreenSizeAdaptation,CarpetTombImposition
WithdrawPanel,TolerantCoach
SOHODateUtil,SOHOCanyJean
RedeemUtil,ThoughJean
SOHOShopUtil,SOHOLoamJean
Guidance,Libelous
GuidanceEventPenetrate,LibelousBisonAmbitious
GuideMask,CalveSale
PlayImageAnimation,ArchSliceEpidermis
RectGuideMask,BoldCalveSale
ConfigManagerByJson,LazilyVaguelySoCrab
KeyValuesInfo,HueAbruptLime
KeyValuesNode,HueAbruptBust
Sys,Run
Define,Adjoin
SysDefine,SysAdjoin
Trigger,Abigail
EventTriggerListener,BisonAbigailReadjust
MessageCenter,RewriteNeuron
KeyValuesUpdate,HueAbruptTurkic
Anlysis,Article
Exception,Stimulate
JsonAnlysisException,CrabArticleStimulate
ResourcesMgr,SouthwardYet
UIMaskMgr,UISaleYet
Helper,Report
UnityHelper,LedgeReport
LauguageMgr,MainlandYet
BaseUIForms,LeftUIMarry
Manger,Inject
UIManger,UIInject
UIType,UIThus
BonusPanelCtrl,CharmCoachTine
BottomPanelCtrl,DangerCoachTine
LeftPanelCtrl,BoomCoachTine
MiniGameWheelCtrl,WineFistRadarTine
SlotLineCtrl,FortCityTine
SpinPanelCtrl,HerdCoachTine
TopPanelCtrl,SitCoachTine
FlopRewardItem,GildMeadowSink
SlotCardItem,FortHaleSink
SlotGameItem,FortFistSink
SpinRewardItem,HerdMeadowSink
NewbieManager,LetterVaguely
Order,Waist
OrderManager,WaistVaguely
SlotLineManager,FortCityVaguely
SlotADRewardPanel,FortADMeadowCoach
SlotFlopGamePanel,FortGildFistCoach
SlotFreeSpinFinishPanel,FortWageHerdShrineCoach
SlotFreeSpinPanel,FortWageHerdCoach
SlotGamePanel,FortFistCoach
SlotGoldPigPanel,FortVineHutCoach
Slotillustrate,Expressionless
SlotillustratePanel,ExpressionlessCoach
SlotLuckyBonusPanel,FortVenomCharmCoach
SlotLuckyCardPanel,FortVenomHaleCoach
SlotLuckyCardRewardPanel,FortVenomHaleMeadowCoach
SlotLuckySlotPanel,FortVenomFortCoach
Slotlucky,Orphanage
SlotluckyWheelPanel,OrphanageRadarCoach
SlotRateUsPanel,FortCropDyCoach
SlotRewardPanel,FortMeadowCoach
SlotSettingPanel,FortUselessCoach
SlotWildRewardPanel,FortFoldMeadowCoach
MaskControl,SaleCapable
PageView,BootStar
ScrollView,SierraStar
Magicglow,Meteorite
Magicglow6,Meteorite6
Magicmagic,Vegetative
Magicmagic_line,Vegetative_Vase
orb,Don
Magicmagic_orb2,Vegetative_Don2
Magicring,Hampshire
MagicLine,AprilCity
MagicLine_0,AprilCity_0
MagicLine_1,AprilCity_1
MagicLine_10,AprilCity_10
MagicLine_11,AprilCity_11
MagicLine_12,AprilCity_12
MagicLine_13,AprilCity_13
MagicLine_14,AprilCity_14
MagicLine_15,AprilCity_15
MagicLine_16,AprilCity_16
MagicLine_17,AprilCity_17
MagicLine_18,AprilCity_18
MagicLine_19,AprilCity_19
MagicLine_2,AprilCity_2
MagicLine_20,AprilCity_20
MagicLine_21,AprilCity_21
MagicLine_22,AprilCity_22
MagicLine_23,AprilCity_23
MagicLine_24,AprilCity_24
MagicLine_3,AprilCity_3
MagicLine_4,AprilCity_4
MagicLine_5,AprilCity_5
MagicLine_6,AprilCity_6
MagicLine_7,AprilCity_7
MagicLine_8,AprilCity_8
MagicLine_9,AprilCity_9
Flash,Maybe
MagicFlash,AprilMaybe
lighe,Ledge
b,b
MagicFlash_lighe_b,AprilMaybe_Ledge_b
MainIcon,WarmWhat
MainIcon_1024,WarmWhat_1024
MainIcon_512,WarmWhat_512
AddressBar,UniformSod
UI_AddressBar,UI_UniformSod
AddressBG,UniformBG
UI_AddressBG,UI_UniformBG
AddressIcon,UniformWhat
UI_AddressIcon,UI_UniformWhat
Topbar,Piston
AddressTopbar,UniformPiston
UI_AddressTopbar,UI_UniformPiston
AmazonIcon,SteppeWhat
UI_AmazonIcon,UI_SteppeWhat
UI_CancelBtn,UI_WeightIts
CashICon,HomeIToo
UI_CashICon,UI_HomeIToo
UI_CashOutBtn 1,UI_HomeBusIts 1
UI_CashOutBtn,UI_HomeBusIts
UI_CashOutBtn2,UI_HomeBusIts2
CashOutBtnNum,HomeBusItsJob
UI_CashOutBtnNum,UI_HomeBusItsJob
CashOutSlider,HomeBusCoerce
UI_CashOutSlider,UI_HomeBusCoerce
CashOutSliderBG,HomeBusCoerceBG
UI_CashOutSliderBG,UI_HomeBusCoerceBG
UI_CloseBtn,UI_ComicIts
CollectPuzzle,TreasonSeeker
UI_CollectPuzzle,UI_TreasonSeeker
ConfirmBG,IndianaBG
UI_ConfirmBG,UI_IndianaBG
UI_ConfirmBtn,UI_IndianaIts
ConfirmPop,IndianaInk
UI_ConfirmPop,UI_IndianaInk
Input,Carve
EmailInput,CheerCarve
UI_EmailInput,UI_CheerCarve
Fillin,Corpse
FillinIcon,CorpseWhat
UI_FillinIcon,UI_CorpseWhat
GoldIcon,VineWhat
UI_GoldIcon,UI_VineWhat
GoldToCashBtn,VineMyHomeIts
UI_GoldToCashBtn,UI_VineMyHomeIts
GoldToCashSlider,VineMyHomeCoerce
UI_GoldToCashSlider,UI_VineMyHomeCoerce
GoldToCashSliderBG,VineMyHomeCoerceBG
UI_GoldToCashSliderBG,UI_VineMyHomeCoerceBG
History,Project
HistoryBtn,ProjectIts
UI_HistoryBtn,UI_ProjectIts
HistoryIcon,ProjectWhat
UI_HistoryIcon,UI_ProjectWhat
HomeBtn,LiveIts
UI_HomeBtn,UI_LiveIts
InputBox,CarveLeo
UI_InputBox,UI_CarveLeo
Banner,Refine
ItemBanner,SinkRefine
UI_ItemBanner,UI_SinkRefine
Ine,Jar
ItemBannerLIne,SinkRefineLJar
UI_ItemBannerLIne,UI_SinkRefineLJar
UI_ItemBanner_1,UI_SinkRefine_1
ItemBG,SinkBG
UI_ItemBG,UI_SinkBG
ItemBGLong,SinkBGDeft
UI_ItemBGLong,UI_SinkBGDeft
ItemBGNum,SinkBGJob
UI_ItemBGNum,UI_SinkBGJob
UI_ItemBG_1,UI_SinkBG_1
UI_ItemBG_2,UI_SinkBG_2
UI_ItemBG_3,UI_SinkBG_3
UI_ItemBG_4,UI_SinkBG_4
UI_LaterBtn,UI_BrickIts
Alipay,Limner
Banco,Eject
Inter,Civic
BancoInter,EjectCivic
Caixa,Build
CashApp,HomeDig
Coinbase,Feldspar
Dana,Hurt
DanaOvo,HurtBeg
GoPay,OxPry
LinePay,CityPry
Mercado,Reunion
Pago,Cate
MercadoPago,ReunionCate
Nubank,Orchid
Pag,Way
PagBank,WayUnit
Pal,His
PayPal,PryHis
PayPay,PryPry
Paytm,Aloof
Phone,Civil
Pe,To
PhonePe,CivilTo
Pix,Per
Qiwi,Moth
Sberbank,Maturity
Stc,Toe
StcPay,ToePry
Tez,One
Air,Nor
Jordan,Motive
AirJordan,NorMotive
AirJordan_Reward,NorMotive_Meadow
Pods,Zinc
AirPodsMax,NorZincShe
AirPodsMax_Reward,NorZincShe_Meadow
Chanel,Lazily
Chanel_Reward,Lazily_Meadow
Ipad,Roof
IpadPro,RoofInk
IpadPro_Reward,RoofInk_Meadow
Mac,Win
Book,Salt
MacBook,WinSalt
MacBook_Reward,WinSalt_Meadow
ModelS,ShearS
ModelS_Reward,ShearS_Meadow
Oculus,Extent
Quest,Perch
OculusQuestVR,ExtentPerchVR
OculusQuestVR_Reward,ExtentPerchVR_Meadow
Ps,My
Ps5_Reward,My5_Meadow
AirJordan_Puzzle,NorMotive_Seeker
AirPodsMax_Puzzle,NorZincShe_Seeker
Chanel_Puzzle,Lazily_Seeker
IpadPro_Puzzle,RoofInk_Seeker
MacBook_Puzzle,WinSalt_Seeker
ModelS_Puzzle,ShearS_Seeker
OculusQuestVR_Puzzle,ExtentPerchVR_Seeker
Ps5_Puzzle,My5_Seeker
Samsung,Upgrade
Samsung_Puzzle,Upgrade_Seeker
Switch_Puzzle,Oblige_Seeker
SamsungS,UpgradeS
SamsungS21_Reward,UpgradeS21_Meadow
Switch_Reward,Oblige_Meadow
MacBookImage,WinSaltSlice
UI_MacBookImage,UI_WinSaltSlice
PuzzleSlider,SeekerCoerce
UI_PuzzleSlider,UI_SeekerCoerce
PuzzleSliderBG,SeekerCoerceBG
UI_PuzzleSliderBG,UI_SeekerCoerceBG
Question,Dilution
QuestionBtn,DilutionIts
UI_QuestionBtn,UI_DilutionIts
RedeemTop,ThoughSit
UI_RedeemTop,UI_ThoughSit
UI_RedeemTop_1,UI_ThoughSit_1
UI_ReviseBtn 1,UI_ClutchIts 1
UI_ReviseBtn,UI_ClutchIts
UI_ReviseBtn_ID,UI_ClutchIts_ID
JP,JP
UI_ReviseBtn_JP,UI_ClutchIts_JP
P,P
UI_ReviseBtn_P,UI_ClutchIts_P
RU,RU
UI_ReviseBtn_RU,UI_ClutchIts_RU
UI_SelectedBG_1,UI_SynapsisBG_1
ShopIcon,LoamWhat
UI_ShopIcon_1,UI_LoamWhat_1
TimeIcon,TheyWhat
UI_TimeIcon,UI_TheyWhat
Triangle,Inundate
TriangleIcon,InundateWhat
UI_TriangleIcon,UI_InundateWhat
Ul,Ax
ME,ME
Ul_ReviseBtn_ME,Ax_ClutchIts_ME
freeReward,CrowMeadow
Btn_x_freeReward,Its_x_CrowMeadow
Iocn,Dual
Iocn_Cash_Free,Dual_Home_Wage
Iocn_Gold_Free,Dual_Vine_Wage
Pop_bg_freeReward,Ink_Go_CrowMeadow
in,On
Pop_in_free,Ink_On_Crow
FreeCash,WageHome
Title_FreeCash,Spite_WageHome
FreeCoin,WageHave
Title_FreeCoin,Spite_WageHave
ChipsReward,CarveMeadow
Grand,Fight
ChipsReward_Grand,CarveMeadow_Fight
Major,Carol
ChipsReward_Major,CarveMeadow_Carol
ChipsReward_Mini,CarveMeadow_Wine
Chips_1,Carve_1
Chips_2,Carve_2
Chips_Line,Carve_City
Icon_Cash,What_Home
Score,Frost
Board,Polar
ScoreBoardChips,FrostPolarCarve
off,Alp
ScoreBoardChips_off,FrostPolarCarve_Alp
ScoreBoardChips_on,FrostPolarCarve_Of
ScoreBoard,FrostPolar
ScoreBoard_Chips,FrostPolar_Carve
Title_Chips,Spite_Carve
FreeSpinGoldBar,WageHerdVineSod
aa,We
FreeSpinGoldBar_aa,WageHerdVineSod_We
freeSpin,CrowHerd
Pop_bg_freeSpin,Ink_Go_CrowHerd
Pop_in_freeSpin,Ink_On_freeSpOn
Congratulations,Correspondingly
Title_Congratulations,Spite_Correspondingly
FS,FS
Light,Tooth
FS_Card_Light,FS_Hale_Tooth
chess,Finch
FS_chess,FS_Finch
FS_Wheel_1,FS_Radar_1
FS_Wheel_2,FS_Radar_2
FS_Wheel_3,FS_Radar_3
FS_Wheel_4,FS_Radar_4
FS_Wheel_5,FS_Radar_5
Red,Ere
Dice,Wake
RedDice,EreWake
RedDice_1,EreWake_1
RedDice_2,EreWake_2
RedDice_3,EreWake_3
RedDice_4,EreWake_4
RedDice_5,EreWake_5
RedDice_6,EreWake_6
GoldBar,VineSod
GoldBar_Pig,VineSod_Hut
PB,PB
PB_Btn_Pig_1,PB_Its_Hut_1
PB_Btn_Pig_2,PB_Its_Hut_2
bid,Wad
Pig_bid,Hut_Wad
Title_Pig,Spite_Hut
I,I
A_I,A_I
Bonus_I,Charm_I
page,High
instructions,Legitimately
Btn_page_instructions,Its_High_Legitimately
Btn_x_instructions,Its_x_Legitimately
H,H
H1_I,H1_I
H2_I,H2_I
H3_I,H3_I
InstructionsBG,AccumulationBG
InstructionsBG_1,AccumulationBG_1
InstructionsBG_2,AccumulationBG_2
Instructions_in_1,Accumulation_On_1
Instructions_in_2,Accumulation_On_2
J,J
J_I,J_I
K,K
K_I,K_I
Q,Q
Q_I,Q_I
scatter,Servant
scatter_I,Servant_I
WILD,WILD
WILD_I,WILD_I
Logo,Hawk
LoadingLogo,LifewayHawk
LoadingLogo_1 1,LifewayHawk_1 1
LoadingLogo_1,LifewayHawk_1
PB_Loading_1,PB_Lifeway_1
PB_Loading_bg,PB_Lifeway_Go
BonusArrow,CharmStove
BonusArrow_1,CharmStove_1
BonusArrow_2,CharmStove_2
BonusCard,CharmHale
BonusCard_1,CharmHale_1
BonusCard_2,CharmHale_2
Icon_Cash_Bonus_1,What_Home_Charm_1
Icon_Cash_Bonus_2,What_Home_Charm_2
Icon_CheckOut,What_TrailBus
Icon_Lock,What_Herb
Pop_Bonus_1,Ink_Charm_1
Pop_Bonus_in_1,Ink_Charm_On_1
LuckyBonus,VenomCharm
Title_LuckyBonus,Spite_VenomCharm
BigCard,BoxHale
Luxury,Around
LuxuryCard,AroundHale
BigCard_LuxuryCard,BoxHale_AroundHale
green,Space
Btn_Collect_green,Its_Treason_Space
grey,Tall
Btn_Collect_grey,Its_Treason_Tall
CollectCard,TreasonHale
CollectCard_1,TreasonHale_1
CollectCard_2,TreasonHale_2
collectibles,Navigational
collectibles_1,Navigational_1
collectibles_2,Navigational_2
GoldBar_LuxuryCard,VineSod_AroundHale
LuckyCards,VenomBarge
BG,BG
LuckyCards_BG,VenomBarge_BG
LuckyCards_Board_1,VenomBarge_Polar_1
LuckyCards_Board_2,VenomBarge_Polar_2
LuckyCards_Title,VenomBarge_Spite
LuxuryCards,AroundBarge
LuxuryCards_Title_2,AroundBarge_Spite_2
handle,Decode
slots,Meaty
slots_0,Meaty_0
slots_1,Meaty_1
Slots_10,Latin_10
Slots_11,Latin_11
slots_2,Meaty_2
slots_3,Meaty_3
slots_4,Meaty_4
slots_5,Meaty_5
slots_6,Meaty_6
slots_7,Meaty_7
slots_8,Meaty_8
slots_9,Meaty_9
dian,Dish
slots_dian,Meaty_Dish
LuckySlots,VenomLatin
Title_LuckySlots,Spite_VenomLatin
ScoreBoard_Wheel,FrostPolar_Radar
Title_Wheel,Spite_Radar
Wheel_1,Radar_1
Wheel_2,Radar_2
Wheel_3,Radar_3
Wheel_4,Radar_4
Wheel_Light,Radar_Tooth
Wheel_Reward_Grand,Radar_Meadow_Fight
Wheel_Reward_Major,Radar_Meadow_Carol
Wheel_Reward_Mini,Radar_Meadow_Wine
BigMan,BoxTan
pb,To
Bonus_pb_1,Charm_To_1
Bonus_pb_bg,Charm_To_Go
CashOut,HomeBus
Btn_CashOut,Its_HomeBus
btn,Fat
btn_Collect,Fat_Treason
FreeSpin,WageHerd
Btn_FreeSpin,Its_WageHerd
btn_instructions,Fat_Legitimately
setting,Slander
btn_setting,Fat_Slander
gray,Tray
Btn_spin_gray,Its_Main_Tray
Btn_spin_gray_3,Its_Main_Tray_3
greey,Dream
Btn_spin_greey,Its_Main_Dream
Btn_spin_Stop_1,Its_Main_Hard_1
Betlessen,Grievance
Button_Betlessen,Modify_Grievance
Plus,Lieu
BetPlus,DNALieu
Button_BetPlus,Modify_DNALieu
MaxBet,SheDNA
Button_MaxBet,Modify_SheDNA
TopBar,SitSod
Cash_TopBar,Home_SitSod
GameBoard,FistPolar
GameBoard_1,FistPolar_1
s,s
Icon_Cash_s_1,What_Home_s_1
Icon_Checkout,What_Chapbook
LevelStar,OrbitTine
Icon_LevelStar,What_OrbitTine
pig,Ppm
Icon_pig_1,What_Ppm_1
Icon_pig_pb_1,What_Ppm_To_1
Icon_pig_pb_bg,What_Ppm_To_Go
MainBG,WarmBG
MainBG_1,WarmBG_1
ScoreBoard_1,FrostPolar_1
Spin_PB_1,Herd_PB_1
Spin_PB_bg,Herd_PB_Go
bar,One
Spin_reward_bar,Herd_Senior_One
Text_Bonus,Mine_Charm
Text_Spin,Mine_Herd
TopBar_in_1,SitSod_On_1
Under,Route
UnderBar,RouteSod
UnderBar_in_1,RouteSod_On_1
UnderBar_in_2,RouteSod_On_2
Btn_green,Its_Space
Btn_grey,Its_Tall
Btn_x,Its_x
Icon_Video,What_Alike
Ribbon,Thwart
PopBG,InkBG
PopBG_Rate,InkBG_Crop
RateStar,CropTine
OFF,OFF
RateStar_OFF,CropTine_OFF
ON,ON
RateStar_ON,CropTine_ON
RateUs,CropDy
Title_RateUs,Spite_CropDy
BigWin,BoxFly
GoldBar_BigWin,VineSod_BoxFly
Mega,Bird
MegaWin,BirdFly
GoldBar_MegaWin,VineSod_BirdFly
Super,Bunch
SuperWin,BunchFly
GoldBar_SuperWin,VineSod_BunchFly
Btn_Set_1,Its_Mad_1
SOUND,SOUND
Btn_Set_SOUND_1,Its_Mad_SOUND_1
Btn_Set_SOUND_2,Its_Mad_SOUND_2
SET,SET
Btn_x_SET,Its_x_SET
sound,Theft
Icon_sound_off,What_Theft_Alp
Icon_sound_on,What_Theft_Of
Pop_setting_BG,Ink_Slander_BG
Title_Setting,Spite_Useless
GoldBarGrand,VineSodFight
GoldBarMajor,VineSodCarol
GoldBarMini,VineSodWine
POP,POP
POP_BG_Grand,POP_BG_Fight
POP_BG_Jackpot,POP_BG_Voyager
POP_BG_Major,POP_BG_Carol
POP_BG_Mini,POP_BG_Wine
GrandJackpot,FightVoyager
Title_GrandJackpot_1,Spite_FightVoyager_1
Title_Grand_1,Spite_Fight_1
MajorJackpot,CarolVoyager
Title_MajorJackpot_1,Spite_CarolVoyager_1
Title_Major_1,Spite_Carol_1
MiniJackpot,WineVoyager
Title_MiniJackpot_1,Spite_WineVoyager_1
MINI,MINI
Title_MINI_1,Spite_MINI_1
girl,Wool
big,Fix
girl_big_2,Wool_Fix_2
Item_bonus,Sink_Seize
L,L
Item_L_A,Sink_L_A
Item_L_J,Sink_L_J
Item_L_K,Sink_L_K
Item_L_Q,Sink_L_Q
M,M
Item_M_1,Sink_M_1
Item_M_12,Sink_M_12
Item_M_3,Sink_M_3
Item_scatter,Sink_Servant
woman,Fluke
Item_woman,Sink_Fluke
Item_woman_big,Sink_Fluke_Fix
1,1
10,10
11,11
2,2
3,3
4,4
5,5
6,6
7,7
8,8
9,9
Coins,Comet
MagicCoins,AprilComet
Lvbis,Sting
MagicLvbis,AprilSting
MagicUI,AprilUI
PauseButton,WatchModify
MagicUI_PauseButton,AprilUI_WatchModify
PopButton,InkModify
MagicUI_PopButton,AprilUI_InkModify
MagicUI_PopButton_1,AprilUI_InkModify_1
PopClose,InkComic
MagicUI_PopClose,AprilUI_InkComic
Magicsparkle,Successional
Magicsparkle2,Successional2
flower,Choppy
bg_1_flower,Go_1_Choppy
MagicGoldBarBG,AprilVineSodBG
MagicGoldPigButton,AprilVineHutModify
MagicGrand,AprilFight
MagicInstructionsButton,AprilAccumulationModify
MagicMajor,AprilCarol
MagicMini,AprilWine
Olw,Say
MagicOlw,AprilSay
Magicrobox,Mainstream
Scoreboard,Percussive
MagicScoreboard,AprilPercussive
MagicSettingButton,AprilUselessModify
MagicSlotsBG,AprilLatinBG
a,a
MagicSlotsBG_a,AprilLatinBG_a
MagicSpin,AprilHerd
MagicSpin_auto,AprilHerd_Cost
MagicSpin_on-1,AprilHerd_Of-1
MagicSpin_on,AprilHerd_Of
MagicTopBarBG,AprilSitSodBG
MagicTopBarBG ,AprilSitSodBG 
MagicTopBarKeyBarBG,AprilSitSodHueSodBG
MagicUI_AmazonIcon,AprilUI_SteppeWhat
Blue,Skin
BtnBlue,ItsSkin
MagicUI_BtnBlue,AprilUI_ItsSkin
Green,Loder
BtnGreen,ItsLoder
MagicUI_BtnGreen,AprilUI_ItsLoder
CashOutBG,HomeBusBG
MagicUI_CashOutBG,AprilUI_HomeBusBG
MagicUI_CashOutButton_a,AprilUI_HomeBusModify_a
HomeCashICon,LiveHomeIToo
MagicUI_HomeCashICon,AprilUI_LiveHomeIToo
HomeGoldIcon,LiveVineWhat
MagicUI_HomeGoldIcon,AprilUI_LiveVineWhat
MagicUI_Key,AprilUI_Hue
PuzzleButton,SeekerModify
MagicUI_PuzzleButton_a,AprilUI_SeekerModify_a
MagicUI_Shop_a,AprilUI_Loam_a
Side,Frog
SideButton,FrogModify
MagicUI_SideButton_a,AprilUI_FrogModify_a
TopBarBG,SitSodBG
MagicUI_TopBarBG,AprilUI_SitSodBG
MagicUnderBarBG,AprilRouteSodBG
MagicUnderBarBG_b,AprilRouteSodBG_b
c,c
MagicUnderBarBG_c,AprilRouteSodBG_c
MagicUnderBarGreenButton,AprilRouteSodLoderModify
MagicUnderBarGreenButton_a,AprilRouteSodLoderModify_a
loading,Swallow
loadingBG,SwallowBG
MagicUI_loadingBG,AprilUI_SwallowBG
LoadingProgress,LifewaySecretin
MagicUI_LoadingProgress,AprilUI_LifewaySecretin
LoadingProgressBG,LifewaySecretinBG
MagicUI_LoadingProgressBG,AprilUI_LifewaySecretinBG
LevelPopStar,OrbitInkTine
MagicUI_LevelPopStar,AprilUI_OrbitInkTine
LevelPopStarBG,OrbitInkTineBG
MagicUI_LevelPopStarBG,AprilUI_OrbitInkTineBG
RateBG,CropBG
MagicUI_RateBG,AprilUI_CropBG
RateBtn,CropIts
MagicUI_RateBtn,AprilUI_CropIts
Ban,Hat
BanMusicIcon,HatGlobeWhat
MagicUI_BanMusicIcon,AprilUI_HatGlobeWhat
BanSoundIcon,HatAngryWhat
MagicUI_BanSoundIcon,AprilUI_HatAngryWhat
MusicIcon,GlobeWhat
MagicUI_MusicIcon,AprilUI_GlobeWhat
PauseBar,WatchSod
MagicUI_PauseBar,AprilUI_WatchSod
MagicUI_PopBG,AprilUI_InkBG
SoundIcon,AngryWhat
MagicUI_SoundIcon,AprilUI_AngryWhat
Bonus_1,Charm_1
Icon_Coin_s,What_Have_s
FxGoldIcon,OfVineWhat
MagicUI_FxGoldIcon,AprilUI_OfVineWhat
collectibles_10,Navigational_10
collectibles_11,Navigational_11
collectibles_12,Navigational_12
collectibles_3,Navigational_3
collectibles_4,Navigational_4
collectibles_5,Navigational_5
collectibles_6,Navigational_6
collectibles_7,Navigational_7
collectibles_8,Navigational_8
collectibles_9,Navigational_9
FS_Card_Cash,FS_Hale_Home
FS_Card_Coins,FS_Hale_Comet
FS_Card_Luxury,FS_Hale_Around
FS_Card_Slots,FS_Hale_Latin
FS_Card_Wheel,FS_Hale_Radar
NewPlayTextBG,MixArchMineBG
UI_NewPlayTextBG,UI_MixArchMineBG
Lobby,Adept
Sound_BGM_Lobby,Angry_BGM_Adept
Piggy,Fence
Shake,Clean
Sound_Piggy_Bank_Shake,Angry_Fence_Unit_Clean
Quick,Meter
Sound_Quick7_Bgm,Angry_Meter7_And
Freespin,Possible
Sound_Quick7_Freespin_BGM,Angry_Meter7_Possible_BGM
MagicSound,AprilAngry
MagicSound_GoldCoin,AprilAngry_VineHave
UIButton,UIModify
MagicSound_UIButton,AprilAngry_UIModify
SlotsAudio,LatinBeach
win,Dam
SlotsAudio_win,LatinBeach_Dam
jqka,Bend
Sound_10jqka,Angry_10Bend
broken,Unseen
Sound_Bank_broken,Angry_Unit_Unseen
Sound_BigWin,Angry_BoxFly
Sound_Big_Win,Angry_Box_Fly
Special,Sharper
Sound_Bonus_Special,Angry_Charm_Sharper
Sound_Cash_Get,Angry_Home_Law
Sound_Chess_jump,Angry_Leave_Yean
Sound_Chest_Get,Angry_Chaos_Law
Sound_Dice,Angry_Wake
Sound_Double_Rewards,Angry_Summer_Reverse
Windows,Mineral
Sound_End_Windows,Angry_Boy_Mineral
Sound_Freespin_Start,Angry_Possible_Decay
Sound_GrandJackpot,Angry_FightVoyager
Sound_High_Rate_3Slot,Angry_Dime_Crop_3Fort
slot,Edit
Sound_High_Rate_4slot,Angry_Dime_Crop_4Edit
Sound_High_Rate_5slot,Angry_Dime_Crop_5Edit
Sound_High_Rate_BGM,Angry_Dime_Crop_BGM
Full,Nest
Sound_Jackpot_Full,Angry_Voyager_Nest
Sound_Jackpot_Get,Angry_Voyager_Law
jackpot,Exclaim
getBank,JobUnit
Sound_jackpot_getBank,Angry_Exclaim_JobUnit
Japmonopoly,Accumulator
Sound_Japmonopoly_BGM,Angry_Accumulator_BGM
Sound_Key_Get,Angry_Hue_Law
Little,Verbal
Sound_Little_Win,Angry_Verbal_Fly
Sound_MajorJackpot,Angry_CarolVoyager
Sound_MegaWin,Angry_BirdFly
Sound_Mega_Win,Angry_Bird_Fly
Sound_MiniJackpot,Angry_WineVoyager
Sound_Mono_Add_Spin,Angry_Earn_Rot_Herd
Sound_Mono_Double_End,Angry_Earn_Summer_Boy
Sound_Mono_Double_Get,Angry_Earn_Summer_Law
Sound_Scatter_Get,Angry_Cowhand_Law
Scratch,Context
Sound_Scratch_Click,Angry_Context_Maybe
Sound_Scratch_End,Angry_Context_Boy
Rolling,Crudely
SlotsRolling,LatinCrudely
Sound_SlotsRolling,Angry_LatinCrudely
SlotsStop,LatinHard
Sound_SlotsStop_Normal,Angry_LatinHard_Tariff
Sound_Special_Rewards,Angry_Sharper_Reverse
Sound_SpinButton,Angry_HerdModify
Sound_SuperWin,Angry_BunchFly
Sound_Wheel_Rolling,Angry_Radar_Crudely
Sound_Wheel_Stop,Angry_Radar_Hard
BonusCardBg,CharmHaleDy
BonusSliderItem,CharmCoerceSink
LoadingPanel,LifewayCoach
MagicSlotBG,AprilFortBG
MainManager,WarmVaguely
RectGuidance,BoldLibelous
RectGuidance_Panel,BoldLibelous_Coach
SOHOShop,SOHOLoam
MagicFlyObj,AprilLadBis
,
SlotLuckyWheelPanel,FortVenomRadarCoach
ServerData,MassifCopy
IConfigManager,ILazilyVaguely
Particle,Distract
UIParticleSystem,UIDistractCondor
MagicLineConfigData,AprilCityLazilyCopy
MagicSlotConfigData,AprilFortLazilyCopy

